Comment,Author,Date,Time,Upvotes
Hey bro- how much is the light? Would like to buy one for you via lazada and shopee. Just to thank delivery riders for their hard work. The lot of you got us through some tough times last year. Just reach out to me,Gibbo236,2021-03-03,21:15:13,993
"hey OP, do let us know if you ended work safely today. I dont really use food delivery that often but recognise how hard you guys work...would be happy to get you a replacement torchlight",kurokamisawa,2021-03-03,21:36:18,128
Just cover it with a cloth face-mask. Probably no one will dare touch it.,dozenapplepies,2021-03-03,21:20:51,107
"Make a police report. If there are CCTVs anywhere that caught where the thief went then he can be caught. Sometimes they can even trace the thief all the way back to his home. I know its a very big hassle for just a torchlight, but if everyone do this then it will be hard to steal things in future.",Radiant-Yam-1285,2021-03-03,20:55:06,240
"Fellow rider here, I always bring my bike up in the lift with me, never know whatâ€™s going to happen",_hmmmmmmm,2021-03-03,20:40:15,144
"You can leave your wallet unintended for 15 minutes and no one touch it, but you leave your bike unintended for 1 minutes, and even the ring bell which cost around 1$ gone.",asromafanisme,2021-03-03,20:02:43,401
"Some riders have headlights strapped on their upper arm and forehead. The ones on their arms are usually flashing. That might be an option to consider since the light will be on you at all times. Those are fairly affordable and can be found at Daiso. 

Sorry that this happened to you.",QLevi,2021-03-03,22:20:27,37
"before i die* oops 

only managed to test the torchlight at home ðŸ˜“",dhduifcdkdid,2021-03-03,19:58:33,31
"If you have parked your bicycle at a hdb lobby, usually there should be security cameras which may be able to help u identify the thief. Maybe the thief was banking on you not reporting for stolen torchlight as it seems to minor.",DecentFormat,2021-03-03,20:39:02,93
"I'll echo what some others have already said, to make a police report. Even if they fail to solve your particular case, it will add a mark on that area and no Police Station wants to be the one with the most active ""crime-zone"". Patrols will increase, and hopefully should the thief attempt another crime, will get caught and save the next victim.

EDIT\] Best outcome of course is they catch the bugger and return your torchlight, but regardless, just make a police report.",Skane1982,2021-03-03,21:13:09,61
What's wrong with these people? Sorry it happened to you man,Luchador1916,2021-03-03,20:40:02,18
Sorry to hear that man. People can be horrible sometimes. Is your torchlight locked on to your bike or can it be easily dismantled out?,urban6entleman,2021-03-03,20:00:46,73
Confirm woodlands,edisonlau,2021-03-04,00:30:34,16
"perhaps can consider installing lights on ur helmet (assuming u wear one when cycling)

so that if ur bicycle lights get stolen again (touch wood), at least still got helmet lights",icelemonteaftw,2021-03-03,22:23:23,12
"Stealing a torchlight is just pathetic beyond words... This reminds me, when I was young I had a bike which I parked along the corridor, and a lot of the metal parts (the wheel shield thing, bell etc) would disappear randomly overnight. Guh Iâ€™m glad I live in a condo now... anyways, thanks for sharing this. I ought to leave a bigger tip with my future foodpanda orders...",shhcupcake,2021-03-04,00:36:52,9
"I have a couple of those rubber-style lights from AliExpress. Not bright but enough as an indicator.

PM if u are anywhere near Punggol.",Shmutt,2021-03-03,21:34:57,9
"Ive noticed whenever i park my bike unattended, but in a public area and within a stone throws away from my position, primarily elderly guys who will physically touch my bike and i believe if it wasnt in such a public location, they would not hesitate to take it.",Alberqueque,2021-03-03,22:59:24,9
I really hate those that blink into people's faces. Like point it to the floor so to catch people's attention but not blind them in the process.,TheGreatHey,2021-03-04,00:32:55,8
"Did you park your bike at lift lobby area? I realised a few food delivery peeps purposely park their bike at lift lobby area where the CCTV capture clearly,
If you do please make a police report, they will look at the CCTV.",stingray888,2021-03-03,23:50:07,8
Why people steal torchlight?? ðŸ¤¨,mutantsloth,2021-03-04,00:04:27,7
"Ehhh, fellow rider. On another note, your tire knobs look quite botak(center), please change them soon before the impending wet weather month of March (as reported)

PS: please donâ€™t die. Ride safe!",jmzyn,2021-03-03,22:57:04,17
"Decathlon has a wide selection of lights at reasonable prices too. This is just messed up, stealing a light that people use for work",bukitbukit,2021-03-03,22:50:17,6
"That phone clamp is pretty unreliable too. Better to change to one that has elastic band that straps over your phone. I used a similar one as yours and my phone popped right out (despite locking it tightly) after blindly going through a big pothole, screen cracked. ðŸ˜­",sarpysarpy,2021-03-04,00:05:33,5
No wonder my friends remove their flash light before they leave their bikes! Please remove it every time I leave your bike too! Some people are greedy af,enough_hor,2021-03-04,00:17:56,6
"Heya Bro, need help with that Torchlight  just dm. We will gladly finance that for you.",KopitiamUncleAuntie,2021-03-04,10:58:04,4
these must be very enlightened people,Eskipony,2021-03-03,20:00:02,25
I would like to get u a new light. Please DM me. We must help riders who are delivering our food through rain or shine.,khid2k,2021-03-04,07:45:23,5
"Hey! You should get those easily detachable kind of bike light. I had an expensive $30 one which was stolen one day too. Just remember to make it a habit to detach those modules when you get off the bike. Might be a hassle but definitely less than if you had to buy a new one.

Every time I get off my bike I detach my headlight, taillight and bike monitor.",stolmen,2021-03-04,07:47:11,4
"That's real fucked up.  
My condolences. Probably have to secure it better.",lawlianne,2021-03-03,21:03:27,5
"Weird story, I have a torch light and a backlight on my bike (not the most expensive lights) and then one time I found out all of the batteries were gone. The lights were still there tho but the batteries which I just installed and fairly new were stolen. Thereâ€™s a cctv nearby but who would want to report a stolen double AA batteries.",vanduzled,2021-03-04,09:04:28,3
Like why do people even steal a torchlight FFS,Prestigious_Effort91,2021-03-04,09:22:15,3
The thief isn't desperate. The consequences to the victim potentially are huge.  The punishment in this and other cases where the motivation is so undeserving of sympathy should not have a possibility to be light in spite of the torch not being super expensive itself. Damage to society as a whole by letting this kind of nonsense go easily is far worse than the face value.,barackwater,2021-03-04,12:05:13,3
I feel you bro. My torchlight (AND REAR LIGHT) also got stolen (I parked it for just over a day). Assholes man I don't leave lights on my bike anymore,deepfriedceleron,2021-03-03,22:02:35,4
"Come on, this is tools people use to make a living to feed family. Have some heart! Even as thieves you must have ä¹‰æ°”",Wowmich,2021-03-03,22:45:32,5
Yishun or woodlands?,iamabear1,2021-03-03,20:23:38,9
Bro,Enough-Direction1761,2021-03-03,21:13:04,3
maybe think of a way to padlock the light to the bike.,Tongchokgoh,2021-03-03,22:14:56,3
Please be careful out there,oceanmountainlifer,2021-03-03,22:37:11,3
Sorry to hear that!! Please take care :(,giraffesdance,2021-03-03,22:38:02,3
"OP, sorry for your loss. Some people are asses.

Perhaps consider a bike front torch with a quick release catch? Easier to attach/remove when doing your delivery.",GoldenMaus,2021-03-03,23:16:49,3
Stay safe,D3LTA-X,2021-03-03,23:52:59,3
"Thank you for all you do!

PLEASE Stay Safe . . . and, i hope you are able to secure another light . . soon. ðŸ’™",waitingle,2021-03-04,00:49:42,3
Why do such horrible horrible people exist. I dont understand whatâ€™s so difficult for them to buy a light or bell instead of stealing it and making someone elseâ€™s life difficult.,OutheMatrix,2021-03-04,00:56:43,3
"Just print a sticker saying ""This item is tracked by SPF"", see who wan to steal the next time. ðŸ˜‚",SiuFungSipsCoffee,2021-03-03,21:45:21,6
I would see about getting on that has a lanyard you can attach to a bracelet. That way when you get off it would come with you and be a minor inconvenience. Which is better than death.,irish-car-bomz,2021-03-04,06:01:18,2
Put torch light on your helmet lor.,33669922558800,2021-03-04,06:38:41,2
"Hi. Decathlon sells affordable bicycle torchlight. Maybe as a temporary fix till you get a permanent torchlight attached to your bike, you could have a look at them. And like what many people mentioned, just bring your bike along with you in the lift and ignore anyone who complains.",Puzzleheaded_Style52,2021-03-04,06:54:23,2
"Please stay safe. If you're riding on the roads, wear a helmet and obey the traffic rules, including the traffic lights.",haikallp,2021-03-04,07:45:38,2
Trashy people who steal.,LightSlateBlue,2021-03-04,07:53:59,2
Sorry but the police won't help much. Learnt my lesson years ago. Don't count on them. ðŸ˜¥,redditforfun32,2021-03-04,08:07:56,2
Some people can really be this stingy and scummy to steal other people's small objects,thelegoknight100,2021-03-04,08:50:36,2
why are people like this. asses.,katsuge,2021-03-04,09:11:49,2
I can't believe this is a thing.. Fuck those assholes. Let us know if you want to start a GoFundMe and I gladly contribute.,Maverick090,2021-03-04,10:17:52,2
People can be so unkind these days.,Breadasphyxiated,2021-03-04,10:23:16,2
Can I get you a helmet mount to stick on your helmet?,germinativum,2021-03-04,10:49:13,2
I zip tie the torchlight to my helmet,TempleOfPork,2021-03-04,11:23:42,2
"Maybe install a battery operated road cam, so you can deter thieves",th36,2021-03-04,12:35:12,2
"I recently bought a new bike light that comes with a holder that lets you unclip the light. When I park my bike I always take the light with me. One time I parked at Macritchie Reservoir and came back to find monkeys on my bike, opening the back pouch and chewing the handlebar tape. But at least they didnâ€™t get my lights :-)",Plantain_Head,2021-03-04,12:36:57,2
I suggest to get those screw in handlebar torchlight.. So it's not so difficult to remove without a screwdriver,butilikewaffles,2021-03-04,14:01:27,2
I got a really strong torchlight I bought for my last high key this year using store credits. It's hardly used and just sitting at home. Happy to pass it to you!,TheSacredSoul,2021-03-04,14:58:38,2
We'll put this post in your obituary.,niro0k,2021-03-03,21:25:44,4
People are assholes. :(,silentscope90210,2021-03-03,20:34:37,2
Sad to read stories like that. I see way too many these days. What have the law-abiding residents become?,shitoupek,2021-03-03,20:50:42,2
"On a separate note, are you tipped for every order? It is my understanding that most people donâ€™t tip.",ferzbeefan,2021-03-03,23:06:10,2
Omg happened to me as well but some idiot decided to steal my powerbank. Cannot work without powerbank or else how to accept order ðŸ˜“,Loin1210,2021-03-04,13:07:56,2
"HDBs sound like cowboy towns...how can it be that bad....minister said 70K cameras already in place, more coming.

Ive already got my bike tagged at the NPP....anyone who messes with it is going to jail",Ikamochi,2021-03-03,21:07:56,2
Allen keys to a GoPro mounted light? At least that should deter the light fingered assholes,goondu86,2021-03-04,00:37:23,1
People are real fckers sometimes,houganger,2021-03-04,00:40:20,1
"Don't use those flashlights that can be taken out alone. Mine was stolen 2 times (I bought replacement after it was stolen, only to have it stolen again). Use those that are not so easily taken out from the stand.

Another option is to cover it with a cloth, or just take it out and put it in your bag. If it's something that doesnt catch their eye in a few seconds then they won't bother.",Cylencer,2021-03-04,01:05:43,1
Your phone holder will be next. Trust me. Bring your bike with you.,drmelvin96,2021-03-04,01:34:24,1
Why do people steal torchlights from bicycles??? Are they very expensive?,bernaiih25,2021-03-04,02:17:46,1
"I feel you man. I had the water resistant saddle cover for my bike and I went into a shop to get something,came out the cover is gone. Didn't expect people to be stealing this kinda things.",Icesoulboy,2021-03-04,03:00:11,1
"Bro i got my 70 dollar moon nebula taken from me, after leaving it on my bike to go pick up something in my own condo.",WhisperingSkrillRyan,2021-03-04,03:00:56,1
Nabeicibai torchlight also steal!!! Stay safe out there bro!!!,gilinmuel,2021-03-04,04:52:44,1
Thank you for your efforts :-) It's saddening how people can be sometimes. Please stay safe!,koi-fished,2021-03-03,23:16:37,1
Here's an idea.. put it in your pocket?,blind_merc,2021-03-04,02:40:32,1
Who goes so low to steal a Delivery guy's torchlight? Tf??,Gwfighter_official,2021-03-04,15:20:27,1
Wa lao these torch thieves should be condemn to starve for eternity in hell,ccirs,2021-03-04,07:25:06,1
"Casual thieves all have fingers so can and will grab anything that can be easily pried loose or undone with finger screws or quick release clips. But not many people carry cutting implements with them, so I use cable ties to secure my bike accessories now. It seems to work. Someone stole a front wheel from me recently in a Kampong Glam side street but the lights and phone holder bracket was still there.",frumperino,2021-03-04,14:24:14,1
OMG which area is that so i can avoid when neighbors are like this. But sorry to hear your predicament.,k0yuuki,2021-03-05,09:24:00,1
Ang CCTVs where you left your bike?,aleim343,2021-03-05,11:10:03,1
Can I ask what's the torchlight for? It's damn blinding when someone with one of these bright bike lights is riding towards you cause its shining in my face and I can't see shit lol,mimimomo44,2021-03-04,10:23:53,-3
Why would you die without a torchlight?,owltherapist,2021-03-03,21:15:38,-16
"Thank you so much!! However, I cannot accept this. Thanks for being a good person ðŸ¥° You make Earth a better place",dhduifcdkdid,2021-03-03,21:26:04,528
"I had mine almost stolen once, someone tried to pull it off but I ziptied the cable of the light to the handlebar. I would suggest get a powerbank operated one via USB and zip tie the damn thing so it canâ€™t be stolen, or you might have to find a light that can screw on with clamp to the handlebar. Most of the thieves donâ€™t have time to cut zip ties or unscrew lights. Put 3,4,5 zip ties if you have to.",JUNDA2109,2021-03-04,05:14:12,41
I have ended work safely! Thank you ðŸ¥°â›°â›°,dhduifcdkdid,2021-03-03,22:10:58,120
This is actually pretty big brain.,MadeByHideoForHideo,2021-03-04,00:03:09,65
"Better if put tissue the the mask(mask that can no longer wear) & then ziptie it.

But don't cover the lights.sure no one will bother stealing due to covid.",soccerisgreat99,2021-03-04,08:13:15,9
Stain it brown or red for better effect.,musr,2021-03-04,16:27:28,2
I will!,dhduifcdkdid,2021-03-03,21:24:45,95
Yeah. Plus You also know the exact time and date the items were stolen. It makes it easier to check cctv footage.,YahYahPapaya,2021-03-03,22:15:34,13
"""Big hassle for just a..."" is exactly what they want us to think.",-watchman-,2021-03-04,06:02:40,7
Yes. Make a police report for a torchlight.,33669922558800,2021-03-04,06:39:34,-11
"I see! I did that on my first day of work, and I got scolded by an auntie cos the bicycle take so much space ðŸ˜“",dhduifcdkdid,2021-03-03,20:43:00,161
Hopefully they don't take my water bottle too,dhduifcdkdid,2021-03-03,20:06:30,172
">You can leave your wallet unintended for 15 minutes and no one touch it

The power of the chope, it's such a weird thing accepted by both sides, where this object is untouchable and makes your seat have an invisible force field",SerialFloater,2021-03-04,00:34:53,78
"That seems to be something universal too. When I was in Europe the people said the same thing. Everything is very safe, but don't leave bikes unattended, bikes are free game lol.",iemfi,2021-03-04,07:48:19,20
"I bought a [rubber ducky](https://i.redd.it/i8vf7pmfrc331.jpg) to put on my bicycle's handlebar. And even that got stolen too. The perpetrator even left the mount and light, only taking the duck itself. I just don't understand why.",liloyoulolo,2021-03-04,09:46:58,13
"This. I dont fucking get it. Installed a $3 phone holder and $1 bell on my bike, and parked it at the void deck, gone within a fucking week. Its just $4 go buy it yourself & gimme a break.",Zoisen,2021-03-04,11:15:19,6
always intend to your stuff,AtavisticApple,2021-03-03,23:22:59,41
This is sad.,waitingle,2021-03-04,00:50:40,3
"Yeah probably, but I can't really stop work because of a torchlight ðŸ˜“ Going to work till late today",dhduifcdkdid,2021-03-03,20:51:00,96
I will!!,dhduifcdkdid,2021-03-03,21:23:33,9
its fastened using the scope-liked object. You have to untighten it to remove the torchlight,dhduifcdkdid,2021-03-03,20:01:54,44
Yes you right ðŸ¤£ðŸ¤£,dhduifcdkdid,2021-03-04,00:31:12,11
"Thank you so much!! However again, I cannot accept this. ðŸ¥°ðŸ¥°ðŸ¥° Thanks for making the world a better place",dhduifcdkdid,2021-03-03,22:10:24,8
"Ya I know I also get blinded by other cyclist and almost cannot siam, mine is the dim kind and its not blinking.

Thanks for your suggestion. I didn't think of pointing it to the floor!",dhduifcdkdid,2021-03-04,00:34:25,10
"Oh no I didn't know I had to change these. Thanks so much!! You too, ride safe !!!",dhduifcdkdid,2021-03-03,23:01:33,6
"Ya my screen cracked because of this haiz, been using a cracked screen for 2 years now",dhduifcdkdid,2021-03-04,00:32:36,4
ðŸ˜­ðŸ˜­ i didnt know sia these people enough hor,dhduifcdkdid,2021-03-04,00:23:15,7
"Wow super good guess, Woodlands",dhduifcdkdid,2021-03-03,20:24:45,29
They have not seen the light. Everyday we stray further from the torchlight.,sickcents,2021-03-03,21:05:22,12
Wah ok I will do this for my next torchlight,dhduifcdkdid,2021-03-03,21:48:32,5
They steal the cam how?,RandomDustBunny,2021-03-04,14:56:12,2
"Haha please engrave ""someone stole my light, so now my world has no light""",dhduifcdkdid,2021-03-03,21:31:08,22
Go towards the light OP,oceanmountainlifer,2021-03-03,22:32:42,5
"Haha no! We don't get tips. Very rarely do we get them. Due to the pandemic we are encouraged to leave the food hanging outside the gate as part of ""Contactless Delivery"". We often don't see customers at all unless its a cash transaction. 

But I have received a few tips in my many orders. Very grateful for the support!!",dhduifcdkdid,2021-03-03,23:11:43,7
"Yeah, we have shootouts at noon all the time.",blahhh87,2021-03-03,21:28:19,4
Only your bike frame is tagged.,Shade_OGrey_73,2021-03-03,22:29:49,2
"Thank you Lao Jiao, I will secure my next torchlight properly

Seems like someone has a lot of torchlights",dhduifcdkdid,2021-03-04,01:07:28,1
Can range from a few dollars to a few hundred depending on the make and model.,aborted_foetus,2021-03-04,02:57:04,2
"It seems like this happened to many other riders as well, I am just the one of many who happened to reach out to reddit",dhduifcdkdid,2021-03-04,17:44:27,2
"â€˜what is light forâ€™

u live in a cave? or donâ€™t use lights at home?",gurglemycum,2021-03-04,10:51:39,6
"Cyclists are required by LTA to have white bright lights at the front of the bicycle just like any other car and they are to be turned on at night. The reason is simple really- to illuminate dark spots and to minimise the risk of collision with anything. I think even a Primary One kid knows this, this is fucking common sense.",aviationlad,2021-03-04,12:53:16,4
"probably for OP to see when riding at night? especially if there's stuff on the ground that OP needs to avoid (potholes, rocks, objects) that the streetlights might not illuminate well. there's a comment above that OP said their light wasnt super bright, it was more dim, and someone suggested OP point it down instead of straight up so you dont have to worry about OP blinding you lol",karaokepartyAAAAH,2021-03-04,12:18:23,2
"Hi,

yesterday I was crossing the zebra crossing, like really slowly. A taxi also stopped there. Suddenly Taxi uncle accelerated and I got hit. Luckily I wasn't injured, only the front of my bike was hit and dragged about 5m. My customer's gong cha all smashed

yeah I won't die wo one but its for safety right? Thats why cars have headlights and rear lights and signals",dhduifcdkdid,2021-03-03,21:28:39,14
Car,depetir,2021-03-03,21:18:32,8
OK bro. But if you change your mind just PM me ðŸ‘Š,Gibbo236,2021-03-03,21:27:45,266
"Iâ€™m a fellow cyclist!!! I have a spare front light, please hit me up if youâ€™d like one!!",aborted_foetus,2021-03-04,02:55:31,37
I can buy you super glue,Benphyre,2021-03-04,10:44:11,14
I want to gift u a torch light but this time we powder it with california reaper chili powder.... Give the thief 1 x good one.,paddlebash,2021-03-04,16:02:27,5
"What kind of torch you had? I was just checking Laz for options, maybe buy dozen or 2 and gift for drivers when they bring my delivery. But are $10 ones any good on bikes?",Ok-Woodpecker-223,2021-03-04,14:19:07,4
"I use [this light from AliExpress,](https://www.aliexpress.com/item/33052501051.html) $15, mounts using a GoPro mount. They sell it with these dual out front mounts that also take a Garmin which is what I use but you can get [little individual mounts](https://www.aliexpress.com/item/32516607971.html) for it too if you don't have a Garmin, only a few dollars. That light is great, too, it has an actual good pattern with a vertical cut-off so the light goes onto the road, not into oncoming motorists' eyes.

This uses an allen key for attachment, they *could* still steal it if they had one but it's much less likely. You could also replace the regular allen-head bolt with a [security bolt](https://www.aliexpress.com/item/33048888632.html), these just use a Torx head with a pin that you need a [particular tool](https://www.aliexpress.com/item/4000687541265.html) to remove, that a random opportunist is very unlikely to be carrying.

The other alternative is to take it off. There are mounts [that are open to the top](https://www.aliexpress.com/item/32735169560.html) that it's much easier to to pull the light out of quickly. If you are taking it on and off constantly, it has to be super-easy to do or you will get frustrated or not do it.

Or finally, stick it on your helmet. I have a Lezyne mount on my helmet that takes a round flashlight-style light. Then it's with you all the time. Light on the helmet is nice too as you can easily direct where the light goes by just looking.",blorg,2021-03-04,12:13:17,3
superglue it lol,5654326c,2021-03-04,08:24:16,9
Thatâ€™s a relief! Have a gd rest,kurokamisawa,2021-03-03,22:59:21,15
Good to hear,rynthms,2021-03-03,22:13:47,5
Good to hear,bukitbukit,2021-03-03,22:49:20,4
"I had my escooter stolen before. Reported but they didnâ€™t update me about anything. Never heard about it since. If the light is expensive, go make a police report, worth a try. If not, it could be a lesson learnt like it was for myself. Good luck finding the thief!",JUNDA2109,2021-03-04,05:17:47,25
"Please let us know how it went if you make a police report... Personally I had some unpleasant experience with the police, I hope they will be helpful for your case!",king-in-the_north,2021-03-04,00:11:21,18
"Yeah, please do! Don't give any chances for the thief!",RaymondA1983,2021-03-04,08:16:43,3
Be sure they register the report as stolen property and not lost property. Lost propertyis not listed as a crime and they need not do anything.,Sunzoner,2021-03-04,07:02:49,7
She's taking up space too. Remove her and no one scold you and you can be with your bike. ðŸ‘,nutting_ham,2021-03-03,21:21:45,540
"Tell the auntie go fly kite lah. People bring their bikes up and down in lifts all the time, whether they live there or not. How much space does she need jeez.",pyodokhae,2021-03-04,00:50:20,93
Auntie must be the one who stole the flashlight,dkcq,2021-03-04,05:03:16,29
Fuck care auntie. Seriously there is no rule against bikes in lifts.,iamsuperunlucky,2021-03-03,23:10:22,71
"Fuck care the aunty la. Just stare at her like you don't understand what she's saying. She  grumbles, but it's you who have to tahan stolen stuff.

Next time just bring the bike up. Whenever I get deliveries I always see the guy bring his e-scooter/bicycle up at least to my floor's lift landing.",SoakedSeahorse,2021-03-03,23:21:55,49
Don't bother with what she say,MightyLordZk,2021-03-04,10:13:05,3
"remove the auntie!! she's being a bitch because she knows youre a foodpanda rider. there's no way she's telling residents they cant bring their bikes into the lift. even if she did i doubt they'd listen to her anyway lol. it's not against the law, she just thinks youre easy to bully.",karaokepartyAAAAH,2021-03-04,12:21:41,5
"Fuck that bitch, so many people bring bike through lift. Just ignore people like that, your bike is your lively hood right now ao you should be allowed to do what you have to to ensure its security",Sledge_The_Operator,2021-03-04,14:33:12,1
"Write on it ""I might have Covid"".  


Joking aside, my first thought when I saw the title was ""How could I buy you one"". Very pleased to see I wasn't the only one.",Ok-Woodpecker-223,2021-03-04,14:16:00,5
Probably also helps that there are a lot of people close by that saw whose wallet it was.,rollin340,2021-03-04,11:52:17,5
Depends on which part of Europe.,Vyrena,2021-03-04,07:51:16,5
"i think because stealing it would look very natural : walk to bicycle and ride it away, thats what the legit would do too.
stuff like personal belongings on the other hand.. if you walked over to a table and take the card/wallet/phone and left it would be quite noticeable to some that you arent the actual owner, since the person who left it there clearly used it to reserve the spot for food etc",ch3rri_,2021-03-04,12:33:35,3
"It's kinda cute and I want one

To be fair might have just been a young kid who klepped it when parents not looking",cldw92,2021-03-04,13:41:29,3
"You mean ""attend""?

If so, you should've attended school",Iturniton,2021-03-03,23:25:37,-135
Please report this when you are free so that other riders won't have to suffer the same fate!,calamitous__,2021-03-03,22:01:15,36
If you don't want to head to the police station. Just stay at home and use your singpass and file it online.,Vyrena,2021-03-04,07:54:44,7
"But seriously, can we get you another flashlight ? How do we get the flashlight to you? Thank you for your hardwork.",enough_hor,2021-03-04,09:08:15,2
Woodlands is the new Yishun now?,AizenSousuke92,2021-03-03,22:27:38,6
They will steal it and paste a smiley face,Yokies,2021-03-03,22:14:21,3
That will be epic stupidity since footage is stored on cloud and you can just report to the police,th36,2021-03-04,14:57:32,2
"""Now it's lights out for me :(""

EDIT: ""Hello darkness my old friend...""",PARANOIAH,2021-03-03,23:58:57,4
/u/chaintip,sanchaz,2021-03-04,03:23:57,1
surely you mean high noon.,Ikamochi,2021-03-03,22:17:02,2
https://www.kryptonitelock.com/content/dam/kryt-us/history/kryptonite-stripped-bike.jpg,blorg,2021-03-04,11:52:39,1
Was it a high end one like mine? Mine for some reason has UV mode.,Gwfighter_official,2021-03-04,18:16:24,1
im crying so savage,karaokepartyAAAAH,2021-03-04,12:16:36,3
"Which shit hole country do you live in? I've never needed a light to get around Singapore at night. Your simple mind couldn't comprehend the context, but the question is why do cyclists, specifically, need a light on their bike to get around in Singapore, where its so well illuminated at night.",mimimomo44,2021-03-04,19:15:19,1
"I'm not sure what country you live in but in Singapore its pretty fucking bright almost everywhere at night. I haven't needed a torchlight to walk around past midnight, do you? Op mentioned in the comments elsewhere that his light is dim, which contradicts your point about needing the light to see. You need to get both your eyes and that shitty attitude checked
And you cyclists need to point your lights at the floor, not in people's faces. It's a clown fest when 2 cyclists cycling towards each other blind themselves at the same time and have to slow down to pass. Lmao",mimimomo44,2021-03-04,19:01:38,2
"More people should follow that advice lol, it's basic courtesy. Similarly on the roads, getting high beamed is fucking annoying.
Besides, The point about op's light being dim contradicts the need for a light to illuminate the path. 
But aiya I've been night cycling before, didn't really see the need for a torchlight. Would make more sense if it's a regulation thing.",mimimomo44,2021-03-04,19:06:33,1
"Then don't fucking cycle on the roads at night. I can also assure you that a fucking torchlight isn't going to help, my motorcycle has a big fucking headlight, rear lights, and turn signals, and cars still try to kill me on the roads everyday even when I'm riding at safe speeds inside the lane.",owltherapist,2021-03-03,21:32:54,-36
Iâ€™m happy to chip in too. Got to be safe out there on the road.,BaronGreenback75,2021-03-03,21:42:06,164
I'll also contribute if OP reaches out to you.,big-blue-balls,2021-03-04,08:52:13,7
The cheaper the better to be honest! It is very annoying for onlookers opposite if its too powerful!! $10 seems to be alittle overpriced ðŸ¤ª,dhduifcdkdid,2021-03-04,17:42:32,2
"Same had an e-scooter stollen from a condo basement parking. Despite cctv all over the condo, except the parking, and only 1 way out I just got a letter a month or two later saying they had exhausted all possible leads and that was the end of it.",blacklabelsextoys,2021-03-04,06:50:35,19
There's no crime when there's no reports on crime.... just saying they end up round filed.,pngkunt,2021-03-04,10:58:37,4
Remove the auntie.,Voller_Faulheit,2021-03-04,03:31:54,69
Finish your sentence with a full stop. Your school didnâ€™t teach you that?,236243035,2021-03-03,23:44:58,44
"You totally missed the joke, the school you went to sucks.",evilMTV,2021-03-03,23:58:31,25
How about you be nice? Didn't they teach you not to bully in school?,kurogomatora,2021-03-03,23:38:26,19
Look at the post Iâ€™m replying to.,AtavisticApple,2021-03-03,23:26:39,45
Was the 2nd part really necessary?,shemtai_protagonist,2021-03-04,05:38:09,5
aiyah see his flair la,onomatopoetix,2021-03-04,11:08:29,1
"Lol, when he's away from his bicycle, how does it go up into the cloud?

Also, some people do it just because they can. Wouldn't be surprised if the cam or flashlight ended up being kicked around for a bit and ending up in the bushes. 

I looked up cellular security cams for bicycles, can't say I found anything appropriate.

You have a product link?",RandomDustBunny,2021-03-04,18:46:46,1
"***
[chaintip](http://www.chaintip.org) has [returned](https://explorer.bitcoin.com/bch/address/bitcoincash:qrelay2f2333t5qhtscjjpge9y486hpudgxsxu89je) the unclaimed tip of `0.0007752 BCH`| `~   0.44 USD` to u/sanchaz.
***",chaintip,2021-03-04,03:25:08,2
"No, mine cheap cheap one, it came with the clamp for the torchlight",dhduifcdkdid,2021-03-04,18:46:12,2
:â€™(,gurglemycum,2021-03-04,12:40:37,1
"nice, attacking the many countries out there without street lights by calling them â€˜shit holeâ€™. how mature.

i suppose youâ€™re also not privy of the law that states cyclists should have bicycle lights. canâ€™t believe youâ€™re here whining about being minimally blinded when riders are just trying to make themselves more noticeable. 

and youâ€™ve obviously never seen poorly lit parts of singapore. continue living in your self centered hole of luxury and looking down on others. i hope you get far in life and feel good about yourself.",gurglemycum,2021-03-04,19:45:31,2
"Who's the one with a shitty attitude here? Me or you who disregards the safety or the riders? And no, it's not pretty fucking bright almost everywhere at night, especially when some trees can obstruct the light from reaching the sidewalks at night. I saw with my own two eyes a rider who didn't have any lights getting hit at a zebra crossing by a speeding car turning left at night at Jalan Kayu, which is a dark area.

You not happy with cyclist then you should stop ordering from FP and Grab. We don't want to deliver to such toxic shitheads.",aviationlad,2021-03-04,19:26:54,1
"Yeah I don't think it's courtesy, I think some people genuinely don't realise it. Sounds logical when you think about it but it doesn't occur to some people i think, especially when they haven't been on the receiving end of it. Similar with high beams. For awhile my sis was driving around with her high beams on till I pointed it out (lol).

Anyway OP never did say exactly why they put in the light so i don't know either. Maybe they go through some darker areas or not so well lit.",karaokepartyAAAAH,2021-03-04,19:16:06,1
If you have a motorcycle instead of a bicycle you probably have more money than this delivery rider here...people are always going to place orders at night. Can't demand a service and disregard the safety of the service worker right,depetir,2021-03-03,21:37:49,9
My accident happened at a zebra crossing :/ I dont cycle on roads,dhduifcdkdid,2021-03-03,21:46:12,11
fuck you. people working hard to make a living and can only afford a bicycle as a tool to work. you ask people donâ€™t cycle. you give him money lah.,gurglemycum,2021-03-03,23:50:47,6
What? Itâ€™s his job...? Itâ€™s not his fault his light got STOLEN. Geez,BaloneyInCharge,2021-03-04,01:54:32,1
Me three,alliyen,2021-03-04,00:06:02,63
"You can try xplova x5 evo. Links to an app on your phone. Dash cam, route planning, cloud etc",th36,2021-03-04,19:00:22,1
"Thank you so much, however I cannot accept this! There are many more people who need this more than me!Thank you for making the world a better place",dhduifcdkdid,2021-03-04,12:03:43,1
Wah rabak leh like that also ppl wan to steal.,Gwfighter_official,2021-03-04,18:53:49,2
"There's a better way to make yourself more noticeable: wear a fucking 360 lamp on your helmet. Suits your image well, clown. They can do without the torchlight imo, I still think it's bright enough. Where are you delivering to, sungei gedong? In the case of the ""rules"", no idk cause I cba reading things that don't affect me. And also please remind your fellow cyclists that many of them are breaking the law, and to point their lights at the floor. You're illuminating the floor, not people. I think I'm doing quite decently in life tbh. Hope you can say the same about yourself.",mimimomo44,2021-03-04,20:40:30,-1
"Oh you're a delivery rider ah. No wonder lolol. But the truth of the matter is if all the toxic shitheads stop ordering yall are gonna lose income then yall going to complain to your MP again that you can't feed your families and afford your bills Lmfao. be careful what you wish for.
Like I said, not sure which dark, shitty part of the country you live in but I can see just fine at night.
Without knowing more, your point about the rider getting knocked down at a zebra crossing is just a strawman. Kid, people get knocked down in broad daylight too, so whats your fucking point lmao. Anyway, Where have I disregarded the safety of cyclists?",mimimomo44,2021-03-04,19:50:51,0
"Fair enough, we should start pointedly shielding our eyes when it happens to drive home a point. But the onus should be on themselves to do a basic check ma.",mimimomo44,2021-03-04,19:24:36,0
"The hordes of my fellow riders who are also doing delivery will tell you that simply having a motorcycle doesn't mean that you are richer than someone doing delivery with a motorcycle. I used to do delivery on my motorcycle until I got a full time job, and still do a shift or 2 once in a while to earn extra cash because my full time salary isn't shit.",owltherapist,2021-03-03,23:49:22,-11
What has money got to do with anything here?,mimimomo44,2021-03-04,10:27:51,-2
"You sound like one of those down in the dumpster cucks who have to ""work hard to make a living and can only afford a bicycle as a tool to work"" yet have a shitty, abrasive attitude that's probably a reason why you're stuck there. Zero respect sir",mimimomo44,2021-03-04,10:32:11,-3
Count me in,sq009,2021-03-04,01:01:28,37
"dk what you talking sia siao. sungei gedong no one order delivery ah? and yea yea doesnâ€™t concern you so udgaf. only angry at everyone who inconveniences you. typical lah you these kind of selfish sobs.

thanks for wishing me well. hope you find true inner peace though bcos i know you feel angry and lonely underneath the tough exterior your try to portray xoxo 

ps idek how to cycle but im just standing up for the cyclists who work hard to provide for themselves but constantly belittled by people like you. just because u think u made it in life and donâ€™t have to do the hard work they do doesnâ€™t give u license to be so condescending. now please donâ€™t go vent your anger by beating your wife or maid alright? :)",gurglemycum,2021-03-04,21:05:26,2
">I don't think I posted any vile and discriminatory opinions about delivery riders in general, did I?

Now you have. 

Too lazy to argue with a manchild who still plays Neopets and Runescape. Clearly whatever I say won't get through that thick arrogant skull of yours.",aviationlad,2021-03-04,20:01:37,1
Yeah I'm not saying it's an excuse la just that some people are quite oblivious and not being dicks. I do the pointed eye shielding thing and some people have actually stopped and apologised. Sadly I don't think there's much that can be done BC there's also no one regulating or doing PSAs. Unless the govt does something but I wish it wouldn't go to that extent,karaokepartyAAAAH,2021-03-04,19:31:51,1
"with that attitude of yours, youâ€™ll be fired soon once you get tired of licking your bossâ€™ ass. scum.",gurglemycum,2021-03-04,03:13:45,1
Op does delivery to earn money??? Do ya think op rides bicycle at night for fun,depetir,2021-03-04,16:20:44,2
"bruh i still studying lah. maybe u need study more so u can learn some empathy before making sweeping statements

anyways u use wrong account to reply me? lol",gurglemycum,2021-03-04,10:46:46,2
Same here,Rockylol_,2021-03-04,01:37:34,31
"You call me lonely but go on to give advice to not beat my wife, which is it? Make up your mind sir. Do I have a wife or am I lonely? You prove time and time again that you lack basic comprehension, I didn't say gedong doesn't have people ordering food. Suggest you try to read again, it was about the need for lights. Why do you think I'm angry about riders lights anyway, I think it's an inconvenience. That's different, not everyone is angry about everything. You think it's cool you're standing up for them but doesn't that imply they are weak and need your sympathy? The only person I'm condescending towards is you, not delivery riders in general, in case you haven't realized. Delivery riders are great. You, not so much.",mimimomo44,2021-03-05,01:41:37,1
"No, I still haven't. Why don't you point out what vile discriminatory things I've said? And is playing neopets and runescape is something to be ashamed of? Where did your high ethics and morality go to? Clearly you can't be bothered to or are incapable of formulating a decent argument, and have to resort to cheap tricks. Both of which display mental inaptitude. But hey, cheap tricks should be in the repertoire of every clown, so you've got that going. Now go sit on some ice and nurse that new asshole you just got ripped open.",mimimomo44,2021-03-04,20:44:27,-1
"Mm, yeah fair point",mimimomo44,2021-03-04,20:32:23,0
Takes a ass licker to know one <3 wanna share your rimming tips with me? ðŸ˜˜,owltherapist,2021-03-04,10:13:54,-1
He's talking about how having a torchlight doesn't help you getting killed on the roads lmao why bring money into this,mimimomo44,2021-03-04,18:57:23,0
"So you're a soon to be down in the dumps cum gurgler. Got it, i can appreciate you taking personal offense. There's really no need for empathy for guys like you tbh, you preach about empathy but start out by insulting someone with a different opinion from you",mimimomo44,2021-03-04,19:11:14,0
I can do litecoin,nanyangtech,2021-03-04,02:20:39,26
"Learn to use paragraphs leh - getting hard to follow your erratic rants sia

You can have a wife and still be lonely. Thereâ€™s no contradiction there. And perhaps feeling lonely is all the more why you beat your wife :â€™( 

And please read again too dear. Need for lights - why? Cos dark lor. Cos safety lor. Youâ€™re a vampire or something so scared of light? So scared of light then donâ€™t go out lor.

Tf is the link between me standing up to them against assholes like you got anyth to do with them being weak? Iâ€™m sure they can easily punch you silly.

Itâ€™s okay if youâ€™re condescending towards me. But in case you donâ€™t realise, youâ€™re looking down on them too. But oh wells.. people like you are just like to feel superior and lord over others. Hope you had your daily dose today of bashing others and feel happy today okay?

Ps if riders are great why are you calling the guy out for wanting a light? lol. As if you have any respect/empathy for them and understanding for what they go through with remarks like that.

And yes indeed theyâ€™re great though. You, not at all. :)",gurglemycum,2021-03-05,02:07:00,2
Triggered?,aviationlad,2021-03-04,20:51:22,2
Why you recycle your insults sia. Educated people like you should be original instead of recycling them leh :â€™( so disappointed sia mimimomo korkor,gurglemycum,2021-03-05,15:33:44,2
i can but i think itâ€™s more convenient to just ask your mom how she pleasured me last night sweetie,gurglemycum,2021-03-04,10:27:18,1
"I mean, whether or not he has a torchlight, he probably has to ride bicycle at night no matter what because he has a job to do and money to earn. Asking someone not to cycle at night is not very helpful...besides, op cycles on the pavement and not on roads (except zebra crossing as op mentioned), so the torchlight probably has some help here",depetir,2021-03-04,19:22:27,2
"no idea how you draw conclusions but you seem so proud of it so kudos to you for being happy knowing so little.

and ps: that is bcos yours is not an opinion. itâ€™s a vile and discriminatory thinking about looking down on others.",gurglemycum,2021-03-04,19:13:38,2
This is so wholesome â¤ï¸,yandaoyandao,2021-03-04,06:42:37,16
I can do any crypto. Why not start a nonprofit and give these out to riders for free?,DarrenAlex,2021-03-04,12:14:48,3
"Most people are happy with their wives, to resort to such edge cases to make your point just highlights your desperation to make a final stand. If someone is in a position of power, there's really no need for this 'standing up for'. People can say whatever they want, It's meaningless if there's no real effect. Delivery riders surely can punch you silly, but so can almost anyone in their prime. What's your point here? For the last time, you lack comprehension and I didn't call the guy out for wanting a light. My point was 1) why is a light necessary, I have very rarely been in situations where I needed a light at night, cycling or walking. and 2) can they point it at the floor? who wants to be blinded when walking down the street. It's courtesy. If you still don't get it then it's really on you. You, not even being one of them, yet offended on their behalf over literally nothing, it's laughable. Do such trivial matters affect you to such a large extent that you feel you must ""take a stand"" and attack the offender? Do you get angry at someone in online game that wants to fuck your mother? People like you are interesting, it's a slice of what it's like on the other side and boy it isn't pretty",mimimomo44,2021-03-05,02:44:26,-1
At a loss for words? You're such a walkover,mimimomo44,2021-03-05,01:32:33,-1
"Yeah, just asked her, she said you were really good at rimming her! Now I'm even more eager to learn your rimming skills ðŸ˜˜",owltherapist,2021-03-04,11:01:47,-1
Yeah it was a stupid point to tell someone not to cycle at night but you countered it with an equally off topic one about how much money a person has lol. Anyway I can't find the original comment so I can't verify what I said but I cba also,mimimomo44,2021-03-04,19:30:11,0
"No worries, from the way you talk it's quite evident you're very familiar with having "" no idea"" about a lot of things so that shouldn't trouble you too much. I don't think I posted any vile and discriminatory opinions about delivery riders in general, did I? It was targeted at you.",mimimomo44,2021-03-04,19:21:04,-1
Here let me fix this. I'll throw in my fleshlight.,Marcelc,2021-03-04,13:46:35,4
Am in! Choosing LTC because tx fees are lower atm,nanyangtech,2021-03-04,12:16:12,3
cry me a river baby :â€™( you bore me.,gurglemycum,2021-03-05,10:32:55,2
Triggered?,aviationlad,2021-03-05,02:25:45,2
u got it wrong bro. itâ€™s the other way round.. can learn some compression skills and donâ€™t xiasuey or not alamak,gurglemycum,2021-03-04,11:50:17,1
I brought up money to emphasise op's need to work lol,depetir,2021-03-04,21:16:40,1
"so now youâ€™re admitting you donâ€™t know how to formulate and express your thoughts too.. poor child.. go back to suck on your motherâ€™s tit.., think you need more formula..",gurglemycum,2021-03-04,19:42:23,2
Wah this one also put chili powder. 100 x  good one.,paddlebash,2021-03-04,16:03:12,1
"I can only contribute financially bc I'm not currently in sg. 

<shameless promotion class=""nano"">

for feeless transactions, [Nano](https://reddit.com/r/nanocurrency) is way better. Might want to use that in order to save on fees and contribute to adoption.

</shameless promotion>",DarrenAlex,2021-03-04,12:24:30,1
Yet you replied to all 3 of my posts lol,mimimomo44,2021-03-05,12:37:04,1
"No, this is entertainment for me. It was quite fun watching you get methodically deconstructed until the only thing you can do in response is what all losers who are too ashamed to admit it do: masquerade the inability to rebutt as a choice. You know it, and I know it. Did it feel triggering? Don't pretend",mimimomo44,2021-03-05,15:18:18,0
"Fair enough, good day",mimimomo44,2021-03-05,02:02:06,0
"Lmao the kinds of insults I used when I was in secondary school, you really can't do better? Not even a fair fight here",mimimomo44,2021-03-04,20:12:16,0
Raiblocks Kek. I dumped my stash after the Italy exchange scam,nanyangtech,2021-03-04,13:26:54,1
"have to keep you entertained and smack down your elitist views dear.

although it does amuse me to see how desperately you try to defend yourself and portray yourself as the underdog although your words are filled with serious elitist overtones. hope your mom can soothe that fire in your belly by wanking you to sleep tonight alright?",gurglemycum,2021-03-05,12:56:43,2
Triggered?,gurglemycum,2021-03-05,15:32:01,2
Triggered?,aviationlad,2021-03-05,17:44:36,1
love to see you try then,gurglemycum,2021-03-04,20:13:45,2
"I almost had a stroke reading that unintelligible garbage you put out. Can almost smell the fumes from your walnut working in overdrive to produce a proper counter point to anything I've said, yet nothing comes up and you blabber the next unfiltered thought that pops up with no link to the topic at hand. Please don't tell anyone you graduated from nus. In fact, don't tell people you graduated at all. You argue like an mentally inept fool in secondary school. What an embarrassment...",mimimomo44,2021-03-05,15:05:24,1
Lul it's you! You actually came and read my post history too LOL,mimimomo44,2021-03-05,15:38:55,0
"I can't, if I lowered myself to your level, you would beat me with experience. Never argue with stupid people. Good day",mimimomo44,2021-03-04,20:33:16,-1
"please have a stroke im praying and rooting for you ok? although.., i thought a learned person like you can easily figure out what im trying to say. guess youâ€™re just another dumb fuck drinking dumb juice too?

and why so scared to be called out by association by the uni? i want to be an elitist like you, korkor. but then again.., how come u think nus so big fuck? i thought elitist like you know that there are other bigger fucks out there sia

and lmao, did you just use your thesaurus to write out your last point? donâ€™t so try hard leh, makes it unreadable. though it does feel good to see me get under your skin yum :)

looking forward to you returning your baby tantrum!",gurglemycum,2021-03-05,15:30:45,2
"of cos lah tit for tat mah. u can infer i attended nus by visiting my profile. of cos i have to return the favor to the manchild so obsessed with me

if not how i know u still suck on ur momâ€™s tit to survive while playing runescape sia :)",gurglemycum,2021-03-05,15:43:52,2
wait.. arenâ€™t u quoting a cliche used in.. wait for it.. secondary school lmao.,gurglemycum,2021-03-04,20:59:17,2
"I don't have to use the dictionary lol. Refer to my other post, your senseless responses are incredibly lame and a waste of resources to try and make sense of",mimimomo44,2021-03-05,15:38:18,0
How do you know I still suck my mom's tit?,mimimomo44,2021-03-05,15:49:31,1
Whatever nurses that new asshole you just got ripped open,mimimomo44,2021-03-05,01:34:01,1
"no leh, i find it very much amusing that u constantly justify your arrogance by playing the victim card. so typical and repulsive. do u want a church built after u so everyone knows youâ€™re so educated and superior?",gurglemycum,2021-03-05,15:45:34,2
"I was just postulating oops but I guess youâ€™ve admitted it as the truth yikes!

Now now, youâ€™re losing track of the argument here leh. Why donâ€™t we start by rationalizing why you can visit my profile but i cant visit yours? Issit bcos i too low SES? Or im too â€˜brightâ€™ it blinds u? lmao what a joke.",gurglemycum,2021-03-05,15:54:31,2
"â€œWhatever nurses that new asshole...â€

huh? i catch no ball. are you coming up with your own unique insult or just dyslexic?",gurglemycum,2021-03-05,01:36:01,2
"Yes, but can you afford it?",mimimomo44,2021-03-05,15:50:35,1
What a clever deduction. You should frame that up in your house and immortalise the moment you destroyed mimimomo44 in an argument,mimimomo44,2021-03-05,16:19:41,1
"Not the first time you catch no ball either haha, you ought to be used to it by now",mimimomo44,2021-03-05,02:01:41,-1
"but im not the one who wants to worship u? make sense leh donâ€™t be like me korkor. itâ€™s probably your fellow depraved elitists who would love a church to jerk each other off in and sing praises to one another.

perhaps u can build one with them instead bcos for myself, â€˜i am too poor to afford it boohooâ€™",gurglemycum,2021-03-05,15:56:54,2
Nah thats too vile n repulsive. ðŸ¤®,gurglemycum,2021-03-05,16:20:48,2
"yes indeed! im used to your dyslexic, irrational and pathetic attempts at defending yourself about how you are filled with respect for our delivery riders!

pls go use the SkillsFuture to upgrade your english ok! but if only.. there was a course that teaches empathy :(",gurglemycum,2021-03-05,02:11:55,2
"Ah well that's expected. When people like you gather, they call it a macdonalds and open for business",mimimomo44,2021-03-05,16:22:27,0
Yet you stick around and seem to be enjoying yourself. Why?,mimimomo44,2021-03-05,16:23:02,0
"Whatever makes you happy man, you already know you can't cross this class divide between us",mimimomo44,2021-03-05,02:28:09,1
"Are you a student in nus btw? If I were to hazard a guess, you're a jc/poly student TRYING to get into nus",mimimomo44,2021-03-05,02:46:08,-1
"â€œI am not elitist!â€ - cries the man who laughs n looks down on delivery workers and Macs staff.

Hope you have never used delivery services or eaten macs. Hell has a special place reserved for people like you.",gurglemycum,2021-03-05,16:24:17,2
Bcos i like to see you make a fool out of yourself :),gurglemycum,2021-03-05,16:25:09,2
"ah i see youâ€™re an elitist! but that comes as no surprise. continue looking down on others, kicking others when theyâ€™re down and licking the asses of your bosses. im sure u feel great about yourself:) 

so what class are you in? youâ€™re so loaded and talk all high & mighty. im curious leh.. 

oh and that dick of yours that youâ€™re showing off? maybe go watch some porn ok? itâ€™s really notttttt that big xoxo think it has deluded you to think youâ€™re the king of the world. hope to see you back on the ground in a place called reality soon!",gurglemycum,2021-03-05,10:43:51,1
"â€˜boohoo i graduated and work in tech and play runescape and laugh at people trying to get in nus. peasants shouldnâ€™t be talking to me bcos im an eliteâ€™

your fricking tone belies a stinking tone of elitism. Itâ€™s people like you that makes society unbearable. get a life. this is not india so stop harping on social class and wanking on those of lower SES than you.

ps i grad long ago. from nus. and am doing fine now in tech thank you. I an surrounded by genuine friends and colleagues (though i hope idk you irl for itâ€™ll be such a sad day to be associated with a snob called mimimomo). please leave your advice on how to get into nus for others :)",gurglemycum,2021-03-05,10:37:55,2
Lol your feeble attempt to gain the upper hand,mimimomo44,2021-03-05,16:30:51,-1
"You sure about that? You can't be serious. People try to constantly test the upper boundaries of knowledge, yet here you are trying to break the floor",mimimomo44,2021-03-05,16:31:45,-1
Actually are you a girl?,mimimomo44,2021-03-05,16:33:12,0
"I'm not elitist, the problem is you don't know that where you actually stand on the dumbfuck scale is a lot lower than where you perceive yourself to be. You know what they say about stupid people, they don't know enough to know how stupid they really are, believe it or not. You know it was still fun and a mental exercise when you were actually trying and failing to rebutt my points, but now that you're simply grasping at straws trying to formulate a senseless response, it's really lame already. Focus the remaining brainpower on that ""tech"" job you love, yeah? Ps I also think it's fucking funny that you're down voting all my posts, I think? Hahaha what is that going to do? Hahaha",mimimomo44,2021-03-05,15:35:55,1
"Triggered?

Sounds like what a triggered person would say.",gurglemycum,2021-03-05,16:43:48,2
Wtf is break the floor?,gurglemycum,2021-03-05,16:44:11,2
Actually are you senile?,gurglemycum,2021-03-05,16:45:05,2
"aiyo so triggered over internet points and accusing me of that? Esp when im not lol. go back to suck on ur momâ€™s tit and cry bully lah.

â€˜Iâ€™m not elitist!â€™ - cries the elitist when he is found out oops.. meanwhile, youâ€™re still laughing at people for being dumb. So much for claiming that youâ€™re â€˜not an elitistâ€™.. Anyhows, im just trying to uncover the shill that you are but you love being self-contradictory and constantly cling on to your myopic views. yes lah korkor u da best lah

N lmao â€˜fun exerciseâ€™? wtf what kind of weirdo are u? hope some1 smacks u back down to reality, though it would be better for god to smack u back down to nothing so u can learn some empathy:)",gurglemycum,2021-03-05,15:41:15,2
Dont you have an ounce of common sense?,mimimomo44,2021-03-06,19:37:36,1
Why?,mimimomo44,2021-03-06,19:36:54,1
"Yeah hope someone else can, cause you surely can't despite your best efforts to get the better of me haha",mimimomo44,2021-03-05,15:48:48,1
"Aw man you are late today. Thought you had a stroke.. Or did you..? No wonder your replies are getting more lackadaisical. Whereâ€™s the deeply reflective and intellectual rebuttals I have been feeding off the past day? Disappointing.

But yes, Iâ€™m doing fine with my common sense for Iâ€™m just a simple commoner. Unlike you, elitist korkor.",gurglemycum,2021-03-06,20:27:37,1
Perhaps ask that question to yourself first when you resort to nonsensical sexist questions?,gurglemycum,2021-03-06,20:29:45,2
"Sounds like youâ€™re getting more triggered? Whereâ€™s the point-by-point counterpoints and fierce rebuttals? Whereâ€™s the snobby arguments smacked with convoluted phrasings that serves to portray your superiority yet in actuality reflects the pig that you are?

You even ended the sentence with â€˜hahaâ€™! Wow, maybe you are indeed having a stroke!

Oh and uh: Triggered?

:)",gurglemycum,2021-03-05,15:51:42,2
"""are you a girl"" = sexist LOL",mimimomo44,2021-03-06,20:42:31,-1
"Woah. Now youâ€™re really showing me that your mental faculties are indeed failing you.

Else, you ask for fuck? Looking for a side hoe to please you ah?",gurglemycum,2021-03-06,20:46:39,2
Remember to turn it off. See next photo.,doomall999,2021-03-18,17:40:16,61
refunds should always be transacted back to the original payment method.  why is this so difficult for some companies to understand?,yasras94,2021-03-18,18:30:53,193
"Man thanks. Thats total bs, it should be off by default. They been having really bad service for a while now for my orders...so many delays etc and now this on top of it. All the more reason to use GrabFood instead.",RobSG,2021-03-18,17:49:50,160
Why so many 'wallets' nowadays..... What do the companies benefit from this?,,2021-03-18,19:41:27,18
They should have prompted users beforehand...,mealtimeregym,2021-03-18,18:00:29,16
"This is why I never use whatever ""wallet"" is out there.",thattragedy,2021-03-18,18:38:31,12
A big thank you!!!,lavenderlilacs_,2021-03-18,18:48:29,5
"Foodpanda has got to be the worst of all the food apps. I had an order that was taking forever to be picked up, so i contacted customer service and complained. Got a bunch of copy/pasted responses. The order was suspiciously picked up a minute after complaining. It was then on the way, and the driver's icon was stuck at my apt for a good 10 minutes. I think the whole ""your order has been picked up"" status and ""driver is nearby"" was faked after I complained.",crasyeyez,2021-03-18,22:01:19,4
Thank you,Professional-Yam6371,2021-03-18,18:34:44,3
thanks for sharing!,Menboongie,2021-03-18,19:33:03,3
Big thanks to OP! Heng I disabled the feature to refund to pandapay,Writtensine6,2021-03-18,20:06:35,3
I only learned today Foodpanda is a European company.,DragonCalypso,2021-03-18,20:43:29,3
because fintech,TempleOfPork,2021-03-18,21:19:32,3
"Sneaky, sneaky. Thanks for alerting. Just turned it off.",Cat1832,2021-03-19,01:14:14,3
"still got ppl use this trash service ah? 

got so many other option still want to use this?",falkner97,2021-03-18,17:59:45,8
This makes me sad.,hugthispanda,2021-03-18,19:13:20,2
well that is scummy,WalfAkaiTsuki,2021-03-18,19:36:01,2
I was suddenly charged on my card for an order I did not make and never received. Foodpanda didnâ€™t help they said I shouldnâ€™t share my card details to others. If so how come I never received the order? Also the order was not in the app history but only appeared as a charge in my bank statement. How can that be? I immediately cancelled my card and removed my foodpanda account. It was strange.,Tongchokgoh,2021-03-18,21:14:33,2
"Their cso told me there is way to refund to bank from their app. He even sent me a print screen instructions on it through email.

Then I was told that function is not implement yet. Total BS from them.",TouringTomcat47,2021-03-19,01:00:13,2
"Everyone is sharing their horror stories about the different platforms but here's the thing: it really depends on the front-line agents that pick up your call. The more experienced ones will know these disputes are not worth fighting over and give you what you want after some verification. I've had both foodpanda and GrabFood give me vouchers that exceed the value of missing items and help cancel orders I placed mistakenly. If your current call agent is telling you it is outside of their control, just politely say goodbye to them and call again to get another agent.",chiotkk,2021-03-19,01:15:12,2
"Your first post here and its not the usual fault finding, whining or posting a pic kinda post, you have raised the bar and done a huge service to your fellow kind. Well done, OP thank you. Truly appreciate the post.",theheartdreams,2021-03-19,16:11:10,2
Really wondering why people still use foodpanda lol,toro428,2021-03-18,19:46:31,2
Yet another reason not to use Foodpanda. It's like they're actively trying to lose customers. Maybe they have too many customers and feel sorry for GrabFood and Deliveroo.,CervezaPorFavor,2021-03-18,19:56:51,1
Do they refund in bamboos? /s,infernoKings,2021-03-18,20:15:45,1
Doesn't grab and deliveroo do the same,MiloPengNoIce,2021-03-18,20:19:45,1
"foodpanda cannot be so bad what. CNA say this guy in charge everything good!  
[https://cnaluxury.channelnewsasia.com/people/luc-andreani-managing-director-foodpanda-apac-14339838](https://cnaluxury.channelnewsasia.com/people/luc-andreani-managing-director-foodpanda-apac-14339838)",kippozzting,2021-03-18,22:07:05,1
Sneaky .,worldcitizensg,2021-03-18,19:54:21,1
Shady practice,AdministrativePapaya,2021-03-18,20:01:33,1
Is this only for the app? I have only ever ordered via their site.,ShinJiwon,2021-03-19,00:11:09,1
"I don't have credit/debit save lol, so they can't do that to me. I always use cash when I ordrr from food panda, it's safer.

They did refund me a few days ago though for wrong order but it took like 5 days for them to refund me.",iluvnarchoa,2021-03-19,00:51:31,1
Goodbye foodpanda.,bxnlxxng,2021-03-19,02:14:29,1
Isnâ€™t it the same shopeepay,Achuapy,2021-03-19,04:53:18,1
"every company is adamant to become a e-payment provider, regardless MAS approved or not.  just want to get your cash on hand, in all ways possible.",vtankuku,2021-03-19,06:54:23,1
Why does every company need their own â€˜XX Payâ€™â€¦ ðŸ¤¦,k4tagaki,2021-03-19,06:54:25,1
"I was hoping they would launch this with the option to top up balance via gift card/voucher card. Cause there are times when the stall accidentally completes my pick up, when actually they wanted to cancel the order. So my voucher gets used, but I get no food. Foodpanda only refund me what I pay for with my credit card (minus the voucher). That was BS too. 

But it seems all this PandaPay does is serve as a wallet for refund, wtf. That doesn't solve anything. This is useless feature!",GramTooNoob,2021-03-19,10:11:36,1
I despise this. OK. FP off my list.,pngkunt,2021-03-19,11:19:32,1
sounds like time to uninstall app from phone,RangerIllustrious,2021-03-19,12:05:28,1
"Foodpanda customer service be like ""oh I'm sorry to hear that! ðŸ˜¥ðŸ˜¥ðŸ˜¥ðŸ˜¥Yes the money is refunded to your wallet ðŸ¤‘ðŸ¤‘ðŸ¤‘ðŸ¤‘ I'm sorry that you cannot cash out from the wallet ðŸ˜µðŸ˜µðŸ˜µðŸ˜µðŸ˜µ oh I'm sorry you didn't know that refunds are now to your walletðŸ˜²ðŸ˜²ðŸ˜²ðŸ˜²""",swiftpolar,2021-03-19,12:05:55,1
How were you able to start a new thread in /singapore if this is really the 1st post here?,scrutineeer,2021-03-19,13:53:40,1
Thanks for highlighting this! Would be annoying to have some value in a wallet cos next purchase (if buy anything) ain't gonna be the same value anyway.,Silverelfz,2021-03-20,15:23:02,1
grabpay: *first time?*,milo_dino,2021-03-18,20:58:33,-1
"I don't understand.if don't turn off,they will refund under the pandapay account rather than your bank account?",soccerisgreat99,2021-03-18,18:03:38,6
Because money,WalfAkaiTsuki,2021-03-18,19:36:54,95
"Got to trap the customer in a spiral, so they can't ""leave"" even when they are frustrated over a bad experience. It artificially gives the business another ""chance"" to redeem themselves and hopefully retain the customer",GramTooNoob,2021-03-19,10:14:01,7
"""Bank or credit card processing fees, and not having to deal with CS issues involving processor delays that should be handled by the processor"" comes to mind.",A-Chicken,2021-03-19,09:49:17,3
"Because greed. They make an extra step on purpose so people who didn't notice will have their refunds directed to their platform, and force to use their service again. Scumbag move",SiHtranger,2021-03-19,10:18:20,2
They understand that is worse for their finances.,li_shi,2021-03-19,01:47:37,0
Because banks charge companies fees? Idk,DangerousCrime,2021-03-19,01:06:36,-5
Grabfood sucks too. They refused to refund me for an order I didnâ€™t receive so I boycotted them long ago.,iwantaspudgun,2021-03-18,20:16:18,30
Not just delay..sometimes the restaurants oso never update if a certain dish has finished or a say restaurants is closing.,soccerisgreat99,2021-03-18,18:02:18,20
Well thatâ€™s another way for foodpanda to take advantage of those who do not know about this. Spread this around to create awareness.,doomall999,2021-03-18,17:52:38,9
"To be Frank they have been doing that.

Missing items, the first thing they offer is to refund the balance as credit unless you tell them not to.",thewind21,2021-03-18,18:23:12,3
Order straight from your fav store if they have any means of online ordering. It's the best for them and you.,cyword,2021-03-19,04:39:50,1
"If your money is stuck inside their app which you can only use to purchase their services, it encourages you to go back and use it.",Quirky_Rabbit,2021-03-18,22:20:05,31
"[https://www.youtube.com/watch?v=mr039xnco-8](https://www.youtube.com/watch?v=mr039xnco-8)

They saw how lucrative Starbuck's membership card could be",jhanschoo,2021-03-19,06:14:08,6
"You have thousands of users leaving a few dollars in there. This money is pooled and invested. Panda collects the interest $$$, you get nothing but the inconvenience of having locked money.",tonyp7,2021-03-18,20:35:22,7
"They should really change their entire customer support team first.

Can imagine the customer support brushing off all issues and then just tell customers to reinstall app/restart phone. ðŸ˜…",,2021-03-19,06:19:14,1
"I've had one where I was forced to pickup because a glitch in their system.

Another time they send one and charged only one of the same food item since I ordered two same thing in separate entry. End up only got 1 food. Their app sucks ass.",elithecho,2021-03-19,01:20:39,1
I'm quite astounded at the foodpanda negativity here. Never had an issue with them. I've ordered hundreds of times and received the wrong order/missing items maybe a handful of times? I've ordered from grabfood less than 20 times and they've messed up my order twice,KeenBumLicker,2021-03-19,13:21:21,1
"Yes under Delivery Hero, listed in German bourse.",doomall999,2021-03-18,20:49:26,2
Some people diedie want to save money mah since panda offer cheap delivery service & minimum order of $8.,soccerisgreat99,2021-03-18,18:04:51,6
"I only use foodpanda cause of their unlimited pick up discount. Fits my fitness goal, like a caveman going out to hunt for food, then bringing it back to the cave for enjoyment. Is there an alternative platform that offers pick up discount too? I know Grab does but its limited redeem and somehow the shop charge more for their food in Grab vs FoodPanda",GramTooNoob,2021-03-19,10:20:31,1
If it is credit card you can initiate chargeback,tehtf,2021-03-19,05:17:47,1
"I use the cheat codes hello, please, and thank you. Always get a good reply.",GeshtiannaSG,2021-03-19,03:17:57,2
Thank you for your comment!,doomall999,2021-03-19,16:41:35,1
my guess is that there is no surge pricing ?,Johnathan_wickerino,2021-03-18,19:56:54,2
I've ordered with FP hundreds of times and only had messed up orders a handful of times. Not sure why there is so much hate for it.,KeenBumLicker,2021-03-19,13:22:23,1
"The standard practice is always to refund to the source of fund. So if you credit card to pay for GrabFood, it is refunded back to your card. If you use Grab credits to pay, then refund is back to Grab credits.",doomall999,2021-03-18,20:42:03,5
First post in this thread. Are there any restrictions? I know nothing...,doomall999,2021-03-19,16:42:40,1
Except I can use GrabPay card for merchants that accept QR or MasterCard ðŸ˜…,doomall999,2021-03-18,21:43:11,1
"Yes. If you leave it on (which is by default), the refunds will go to pandapay instead of your debit or credit card.",doomall999,2021-03-18,18:06:29,37
more like because it isn't illegal,Johnathan_wickerino,2021-03-18,19:55:35,58
Because cashflow,smilelikeachow,2021-03-18,21:02:46,17
"I have used GrabFood and Foodpanda only, I can vouch that Grab customer service is worse than foodpanda. 

Good luck asking for refund or voucher from Grab if got missing items. At least foodpanda would offer panda vouchers and usually the value of voucher is more than the price of missing item. (Before this pandapay thing)

For food delivery, I would still stick to foodpanda compared to Grab. Welcome others to share their experience and any other better options out there.",doomall999,2021-03-18,20:47:38,26
"I ordered something, expecting it to arrive within the hour. 

Check app after 40 mins, restaurant was ""still preparing"".  After 1 hr 30 mins, the restaurant cancelled on me. Wtf yo",HisPri,2021-03-18,20:09:02,23
"lol. I ordered a couple of groceries from the PandaMart awhile back and when the rider finally arrived, he told me the shop ran out of the reeses I ordered and instead they offered those malaysian cheap budget chocolates, you know those Cadbury lookalike chocolates from far you can just see the chocolate image and purple wrapping in a bar shape. 

The rider said the shop ran out so they told him to pass this to me instead which was also fucking wrong value. No way would I pay $5 for that knock off chocolate. I said no but the rider begged me to just take it saying he will need to ride back to the shop to return. It was really a WTF moment. I was like fine, so I took it but I wrote in to Foodpanda anyway citing wrong order and they gave the usual automated reply alongside the ""OH LETS DO A RIDDLE WHILE YOU WAIT"" nonsense. I think the conclusion was I got $5 refunded but it was a major hassle to go through.",Orangecuppa,2021-03-19,00:29:07,13
Good point,doomall999,2021-03-19,06:27:48,1
"According to Forbes in 2016, Starbucks literally sat on more cash than Citibank. Lots of financial players are worried that they might get into asset management, while basically not having to pay interest on these ""loans"" (prepaid value)",Neptunera,2021-03-19,15:53:55,1
"Can they do that? Those E-wallet operators will need to also have a capital markets services license to do any investment

Licensing aside, the Payment Services Act requires monies collected by payment accounts operators to be either ringfenced in a trust account or guaranteed by a bank, and I don't think any bank will take on guaranteeing the monies if they're gonna be subject to investment risk.",AureBesh123,2021-03-18,22:00:46,11
"Never had a missing item with Food Panda, but have with Grab. Pick your poison I guess.",crasyeyez,2021-03-19,13:46:29,1
Same. I would still prefer foodpanda over GrabFood.,doomall999,2021-03-19,16:49:30,1
"Itâ€™s not even cheap, theyâ€™re 50% more expensive than competitors.",GeshtiannaSG,2021-03-19,02:51:27,2
I believe most of them donâ€™t either,toro428,2021-03-18,20:01:35,2
"Main competitor is Deliveroo, who keep reducing delivery fees for short distance.",GeshtiannaSG,2021-03-19,02:49:11,1
Not in my experience. I once had a issue with my grabdriver (he marked me as late when I wasn't) and I got $5 refunded... cept that refund went into the grab wallet. And it's still sitting there today.,MiloPengNoIce,2021-03-18,21:13:23,2
I'm not from Foodpanda but I think that with that ewallet you can reuse the money immediately after refund for a new order. If you want money back instead the credit card company might take days or weeks to refund you.,now_in_sg,2021-03-19,00:47:46,3
Thanks.,soccerisgreat99,2021-03-18,18:06:48,1
"I use deliveroo sometimes and havenâ€™t had bad experiences so far (hope this wonâ€™t jinx it) but they refund the exact amount you paid (so if you die die gotta reorder the missing item then you have to cover the delivery fees again). But I still very much prefer foodpanda because it doesnâ€™t have a minimum order value and the delivery fees can be a lot cheaper than other platformâ€™s. 

I miss ubereats... think it was the best.",iwantaspudgun,2021-03-18,22:03:47,5
"Just last month,was ordering food on Saturday evening.

Ordered Macs & time stated about 30-40mins.Then time keep increasing to 1hr.Decided to chat with CS,took a long while before they came back with 'we are short of riders'.

Ok then i asked for refund & received my refunds  about 3 days later.

Sometimes i wish these apps can inform customers if a particular restaurants have a high demand or if they are short of riders in a certain areas.

This would at least inform customers of their shortage of riders or if the restaurants has high demand so that customers can switch to grab/deliveroo or used other method.

Some restaurants can also be at fault for missing order/certain items has gone out ot stock,something that happen last year when my dad ordered prata for breakfast,only to receive some items missing.he tried to contact the CS,but they can't help it if the restaurant not willing to admit the mistakes.No refund as of now.",soccerisgreat99,2021-03-18,20:34:50,2
"I did ordered Pandamart before around 1am,during the fasting month.I actually ordered Laundry detergents,body soap,shampoo & some snacks.

Ok lah waiting game comes,i decided to chat with the CS,they said high demand for Pandamart,but then i think back,got many customers meh order at late night.But i decided to put off maybe some riders were delivering in other areas,then when the rider came,i notice that Shampoo,Body Soap & Laundry detergent were missing & all that came was just some snacks.

The best part was,the receipt charged the total cost instead of the total cost of the snack.If i remember last time,you spend above $15 got free delivery.End up,i make a complained & ask for a refund for the missing item.

What the point of having the 'Remove it from my order' if the product has gone out of stock yet they charged the full amount?

They used to have some local CS,but it gone bad that most of their CS can't understand english.",soccerisgreat99,2021-03-19,00:41:25,1
"Exactly, customer deposits are ringfenced and can't be used for operational purposes, the above commenter is full of shit. This is  E-money FS 101.",juralexmachina,2021-03-18,22:09:02,14
Iâ€™m not a lawyer but the act only stipulates that *some* monies must be safeguarded as you describe. The proportion isnâ€™t clearly defined and most likely is a custom agreement between MAS and the licensee,tonyp7,2021-03-18,22:18:05,3
"idk about foodpanda, but Grab got a banking license (and you can see that Grab's wallet offers financial services, foodpanda doesn't, at least before pandapay).

[https://www.finextra.com/newsarticle/37091/singapore-doles-out-four-digital-bank-licences](https://www.finextra.com/newsarticle/37091/singapore-doles-out-four-digital-bank-licences)",jhanschoo,2021-03-19,06:20:26,1
I mean if you hit the minimum target plus some of the delivery charges are cheaper(depend on how far).,soccerisgreat99,2021-03-19,02:52:45,1
"Same for me. I didn't want to activate the wallet function but they refunded grab cancellation fee to it. That amount was too small for grab rides, can't pay with a combination of card and wallet, and forcing us to activate the wallet just to transfer it back or top up for usage. Grab is definitely not my first option anymore.",SleepSleptSlapped,2021-03-18,23:10:06,1
Yes this is generally how it works. I've used other apps and when getting a refund I've been asked if I want it in credits instantly or wait some time for it to show up on my original payment card.,Technojerk36,2021-03-19,00:55:21,8
"This is key. You can only get the money back if you use it for another order.

What if I dont want to use foodpanda anymore?",sooolong05,2021-03-19,09:50:41,4
"foodpanda doesn't have a minimum order value? May just be the stores you buy from, because aside from promotions, most vendors have a minimum order value.",mantism,2021-03-18,23:57:37,-1
"That's plausible. the PSA's language suggest that there may be some leeway in that regard n MAS is indeed taking a lighter touch approach to protecting e-wallet moneys as compared to say, bank deposits

Although i would be surprised if the regulatory regime would countenance allowing them to invest wallet users' moneys

Interesting thing is that the PSA says any interest earned from e-wallet moneys should accrue to the user unless otherwise agreed. If you read GrabPay's T&Cs, they make you agree to assign all interest earned to Grab. So I suppose they do really earn some interest at least from this business..",AureBesh123,2021-03-18,23:31:06,3
"Unless theyâ€™re flagged as free delivery, theyâ€™re always more expensive vs Deliveroo, $3.49 vs $1.99 is the typical difference.",GeshtiannaSG,2021-03-19,02:55:43,2
"I design user flow for apps and websites. It's easy to think that this should be a choice, but wouldn't you be frustrated after a while to have to select it for each order?
And what about the other story of a guy who didn't want the rice when the shop went out of chicken? There is already a selector in the app also. The default is to keep the order if something is missing.
We make compromises to try and make the usage of the app as simple as possible. 
It will never be perfect.

Not trying to make excuses, just trying to explain why it is this way.",now_in_sg,2021-03-19,12:11:14,1
Some stores do but not across the whole platform!,iwantaspudgun,2021-03-19,00:03:06,0
"Depend actually.My area cheapest delivery is $1.99 - $3.99.

My area no have deliveroo.",soccerisgreat99,2021-03-19,02:57:59,1
