Comment,Upvotes,Date,Time
I think the restaurant has the responsibility to tell the sender the time he or she has to wait for the food being prepared.  The Food Panda also should tell senders the time limit to wait a food under process.,19,2020-10-17,19:28:46
"I did foodpanda for a while last time. They seem to have no limit on the number of stack if there's really no other rider in the area.

One time when it was raining heavily, I got like 5 stack orders at the same time from subway. Luckily some were just ala carte sandwiches and 2 of the orders were for different levels in the same block.

I've seen screenshots of ridiculous stack up to 10+ on public holidays in high demand areas. No idea how the rider did those deliveries.",5,2020-10-17,22:11:39
"It's not in the rider's interest to not do the stack. It's more efficient, they make more money. Customer complains, that's foodpanda's problem now, not theirs. They still get paid.",10,2020-10-17,23:58:44
"Send a complaint to Grab and Deliveroo while you‚Äôre at it, since they do stacked orders too",-1,2020-10-17,19:00:23
"Getting your own food means not having to deal with this problem. Alternatively pay someone to just pick up only your food and no one else's. Again the problem is fixed it.

What you're really asking for is mass market priced services at individual service levels

Good, fast, cheap.... Choose one",-5,2020-10-17,21:12:30
"Whoever you paid, it's their fault. Make the complaint to them.  

You ordered hot food, it should arrive hot (you paid a lot of money for the food to be hot). You shouldn't care about how many deliveries they are making, it's not your problem.",-6,2020-10-18,05:22:50
First World problem,-11,2020-10-17,18:59:08
Not happy then go dine in or select ‚Äòpick-up‚Äô in foodpanda lor.,-20,2020-10-17,19:50:43
The issue here wasn't waiting for the food to be prepared. The issue here is the food being prepared already and being left cold because the rider is forced to wait for another order.,1,2020-10-17,22:33:11
True. Customer should give 1 star then.,2,2020-10-21,02:02:52
This is the funniest comment I‚Äôve read all day.  This proves that Singaporeans have no humour.,-11,2020-10-17,23:14:42
"Previous panda here.  You can go ahead and scold the rider because he‚Äôs given the option to reject the order if he wanted lol.  It used to be that foodpanda doesent allow people to reject orders, but it‚Äôs way more flexible now.",-5,2020-10-17,23:16:08
"If riders decline the order, it would lower their acceptance rate and affect their batch. Obviously most riders would just press accept, why would they compromise their rating and earn lesser fees if they can avoid it? Also, if they keep on rejecting/redispatching, they will be put on breaks as well.",8,2020-10-18,09:24:31
AMK-YCK Town council. Pending for 81 days but who's counting.. ,13,2018-07-25,20:26:58
"Food Panda has horrible customer service. the help chat has no queue system and disconnects you after a couple of minutes of inactivity **on their part**; and when i finally got through on email, their attempt at resolving the issue was to issue me a voucher that expires in **3 days.** 

they lost me as a regular weekly customer in favour of a few bucks. ",6,2018-07-25,23:04:53
"I doubt foodpanda is as big as starhub but I sent a insurance claim to aviva at end may which then I received a automated email saying they are reviewing my case. 

Say supposedly take 30 calendar days before they inform me whether the claim go through or not. I only received the reply from a human like few days ago. So like 1 2/3 to 2 months. ",3,2018-07-25,19:05:46
Obike. Still counting.....,3,2018-07-26,07:55:06
Over 90 days for AIA Vitality. Stopped bothering already,1,2018-07-26,15:47:23
"It‚Äôs easy to list businesses with poor service as it‚Äôs the norm. 

Who has good service?
",1,2018-07-26,19:04:17
You do know that they receive a huge amounts of email everyday right? It takes time. I remember emailing one company and they took 4 months to reply me,-14,2018-07-25,19:30:24
I am curious. Mind sharing what is the matter about that they take 81 days to get back to you? You should send a chaser if you haven't.,1,2018-07-25,22:01:09
"I understand how you feel. I have many friends who are equally frustrated with them. One was vehement to correct anyone who said that they have horrible customer service, because there is no service to begin with!  


Guess what, after getting a long exchange of emails going and finally ascertaining that there is a contradiction between their version (rider arrived at my doorstep) and my version of what happened (rider claimed that he cancelled because he wasn't provided my unit number), they decided to acknowledge that they are ""sorry for causing the mishap"". But alas! They still refuse to refund even a partial amount for leading to my incident.",3,2018-07-25,23:28:24
"Starbucks have a customer-centric policy. I recently went to the zoo and along with my order, asked for a babycinno (free). My friend who was with me then went back to ask for one for his toddler. 

The guy said to wait while he finish up some orders, but forgot about it, leaving my friend to stand there for say... About ten minutes? 

After a while, he noticed my friend standing at the side and admitted that he forgot the order and apologised. What happened next caught us by surprise. Barista gave my friend a complimentary drink voucher. 

Summary: Barista forgot to make a free drink for friend. Still compensated with complimentary drink voucher.
",3,2018-07-26,20:59:42
4 months is a really long wait. I hope the subsequent follow-up responses are more timely.,5,2018-07-25,19:54:10
"Did send multiple chasers (5th May-12th-31st;  25th Jul) but guess either they missed the mails or it's so complex, they are taking a while to understand. The issue is not a very big deal to me so didn't bothered to go and see or call. *Wanted to see if they can build a shelter over the walkway.* ",2,2018-07-26,06:12:05
"It depends on company and how many tech support they hire. Some don't even reply me at all. Until now, it's already 1 year+ and they've yet to reply me",-5,2018-07-25,20:28:18
"This kind of requests usually will take ages because they need to see the feasibility, safety and also funding.

Feasibility- does it block your neighbours view? If not Kena complain to have it demolished. 
Safety- will the shelter lead to people climbing up and assessing your neighbour's home?
Beneficiaries- how many people get to benefit from it?  Even though a facility may be enjoyed by many, but if safety is a problem, they will not build it too.
Funding- does the tc have enough funding? 

So after the TC staff think it's ok, the next thing is to submit for approval for relevant authorities to approve and therefore take even more time.

",1,2018-07-26,08:53:18
"Well, acknowledging that they received the mail & looking in to the feasibility doesn't do any harm I guess.",2,2018-07-26,09:32:04
"> There‚Äôs even one order where the pick up and drop off locations is so close to me that I decided to walk instead of drive. That order only took 6 mins believe it or not. 


I used to be one of those guys lol when GrabFood still has their free delivery subscription.


There's a stall near my place whose price on Grab is same as in-store, so I order through GrabFood to give delivery people some easy orders.",47,2020-08-29,23:42:08
">haven‚Äôt cycled in over a year+

With this level of preparation, I feel like you're going to post a follow-up ""Experience being a food panda rider using a bike""",34,2020-08-29,22:13:08
"I've been doing food delivery with a bicycle for almost 2 years now and I'd say it's not easy but it can be pretty fun. Pretty good for a student because of the flexibility. 

Your first few days on the job will definitely be more difficult because you'll lack stamina, navigation and not know the tricks/hacks to the job.",11,2020-08-29,22:26:07
I think almost all your earnings went to gas money + parking charges.,10,2020-08-30,00:04:55
"Do you get paid more for long deliveries, and/or does it inconvenience you? Recently I ordered MOS Burger from their Admiralty outlet instead of Northpoint outlet since for some reason their outlets stop accepting orders at random times of the day, and I was getting hungry and craving for it (I live in north Yishun/south Canberra).

(And I use Foodpanda too! Maybe I might get you as a rider someday, or maybe I already did.)",3,2020-08-30,00:01:17
"I had a friend who ordered food right below our office, which only takes at most 3 min, almost every day. (pre CB)",3,2020-08-29,22:58:28
"I think car is better if you are working at night - morning.

Ordered many times through Foodpanda at wee hours for supper(when the Champions league was still going on).

Almost all of my delivery rider drive car/bike at night.

If you want to deliver fast,choose the one closer to the deliverer home(say Chong Pang & the address is just opp).",2,2020-08-30,00:33:59
"was sgbike not an option? saw a few riders using these bikes to deliver.. thought it was viable since bicycle so expensive now.. 

anyway thanks for sharing this experience/warning! think you learnt a lesson here.. :D",2,2020-08-30,02:07:51
I fyou can find a bike tyre pls tell me cos i can find any stock,2,2020-08-30,04:45:11
"Paiseh for noob qn, but how much can you earn per order ah? Stacked orders will earn less per order? Average how many orders can you make per day typically? Just wondering out of the delivery fee consumer pay ($4-5 usually) how much of it actually goes to the deliveryman. Gam siah",2,2020-08-30,12:34:01
"Heard of people doing it in a teams of 2 where both are registered deliverymen. The driver drops the picker at the mall and drives off nearby to wait. They do 2 nearby orders per delivery, which makes it more worthwhile.",2,2020-09-01,16:39:58
"This evening at 8, guy starts job unprepared, has bad experience. Katie has more on this evolving story, Katie over to you.",4,2020-08-30,03:07:37
"i used my car to do delivery with lalamove, when they have additional incentive for public holiday, etc. or do grabhitch. the commission is lesser. the operating cost to use a car for delivery is bit too high, consider a bike maybe, but i dun feel safe riding in SG. i bought a cheap bicycle from ezbuy to do grabfood delivery instead.",1,2020-08-30,20:31:54
Wah the hero we don‚Äôt deserve... Yeh their subscription was quite worth if u order grabfood frequently,17,2020-08-30,00:09:48
Yes that subscription model was good. When my leg was injured I just signed that up for one month and order every day. Was about $8 or $12 for 30 deliveries I think,7,2020-08-30,07:41:45
HAHAH true that. Gonna practice riding first once I get it repaired.,5,2020-08-29,22:14:06
What are some tricks and hacks to the job?,3,2020-08-30,10:06:23
Yeah I agree. Thx for sharing,1,2020-08-30,00:11:56
Yeah. Ur not wrong :/,2,2020-08-30,00:10:00
"It‚Äôs my first day delivering food so I‚Äôm not extremely familiar with the system but I think distance is accounted for. Riders earn more when the distance is further but whether it‚Äôs worth the extra dollar or so is debatable. 

I think most riders generally will want shorter trips but they might not reject long distance trips too bc it affects their acceptance rate. 

Yeh I think outlets sometimes stop orders from coming in maybe bc it‚Äôs overloaded? But since u said random times, I am not really sure. 

Ahh May I ask why u use foodpanda instead of grab food?",3,2020-08-30,00:18:12
"We get paid more for long distance deliveries, BUT generally cyclists don't want to travel too far for a delivery because it burns your energy very fast and it's even worse if the drop-off point is at an ulu area, then we have to cycle back to hotspots which burns more energy.",1,2020-08-30,16:54:41
Food delivery riders cfm will love ur friend,4,2020-08-30,00:20:23
"Doing food panda etc in a car just doesn't make sense. Motor bike sure, car nope",0,2020-08-30,09:05:39
"Sg bike didn‚Äôt come across my mind at the point of time but after doing some research, Sg bike registration needs to be completed via google form and they only get back to u in 24 hours. And there is a $100 refundable deposit...

Didn‚Äôt register before hand because I got my own bike and having the app wouldn‚Äôt really benefit me

Hahah definitely learnt my lesson",3,2020-08-30,11:42:14
Sure thing. Might visit some bicycle shops in Yishun and AMK areas and will let u know,2,2020-08-30,11:42:42
"Foodpanda operates on distance-based payment so even if it‚Äôs a stacked order, the rider will still earn according to the distance travelled! Nearby orders like opposite the malls or one traffic light away will usually earn you $4.XX while those further away is usually $5.XX",3,2020-08-30,13:46:06
Hahahaha wah I also used when my leg injured,1,2020-08-30,18:44:28
"1) Reject orders that are too far or bring you to ulu areas.
I once had to take an order from Bukit Batok to Bukit Timah, not very far for me but the amount of climbing really wears you out FAST.
2) Redispatch orders if you've been waiting at the restaurant for >20mins past pick up time. Better to cut your losses and accept other orders then wait more and deal with a potentially angry customer
3) After dropping off an order, always make your way back to a hotspot (e.g. Malls) and on the way back, pick up any """"stray"""" orders. Very ez to get alot of orders done in one day this way.",6,2020-08-30,16:58:39
"Knowing what is the best time and place to work, where to 'camp' and when to roam, which orders to cancel while keeping a good acceptance rate etc.",2,2020-08-30,14:48:13
"Because grabfood has really high delivery fees / minimum order / free delivery requirements. Last I checked it was like $6-$8 delivery fee which was ridiculous, and for free delivery, I need at least $20, while for foodpanda, I can find many restaurants offering free delivery for $15 or even $10, plus foodpanda runs frequent promotions.",3,2020-08-30,00:23:52
"Just my 2 cents. The only reason I use GrabFood over others is for the points (to discount on rides). I only use other platforms if it's significantly cheaper there, or the restaurant is not on GrabFood.",1,2020-08-30,02:38:16
"Did you read?i mention car is great when you are driving at night.

Of course it depend on the rider itself if he does own both vehicles.Unless he does own a car/bike,it another option for him.

OP mentioned that he was driving his car as he was already out of option & he doesn't own a bike.",1,2020-08-30,14:32:56
oh? i signed up on the spot 2 weeks ago and rode off when there was a bike in front of me with a 7 day trial advertisement..,1,2020-08-30,14:44:36
"FP is the cheapest for budget users as some shop does have low delivery fee.

FP don't have a minimum but expect customers to order more than $8 for certain shops.

The only lacking is that they don't have macs,i mean i do love KFC but my area don't even have Burger King.

Buying Macs from Grab can be insane as their delivery price is higher though they do provide cash option.


Personally,i do prefer FP over Grab,only on certain days when i do have some cash,i uses grab to pay via cash.",1,2020-08-30,00:41:16
"Even with a car driving at night it's not worth the money when you talk about petrol, parking and speed to go in and out",1,2020-08-30,16:20:42
The Sg bike registration is the sg bike collaboration with foodpanda. It allow riders to book their bicycles for free so Shld be different system from public use,1,2020-08-30,14:59:36
"Won‚Äôt comment on the verdict. 

But in NS, when you need to fall out, just do it. 

Live to fight another day. It‚Äôs not worth it to push yourself.",86,2020-09-26,18:04:29
"To me, most of the people in charge were only 1-2 years older or even the same age as Dave- his 3SG, the lapses were already there for quite sometime. It was also normal then for the 3SG to tell Dave to continue running, as many Guardsmen tend to drop out at this point, when they can obviously continue on. The only fault was the measures taken when Dave collapse. To send the 3SGs to jail for this is unreasonable, as they were doing something that was taught by their seniors. Sadly to say, only when someone has fallen will then ingrained habits and processes of the organisation will change. Even the officers had to take the blame as they were the superiors of the 3SG that took charge.",190,2020-09-26,15:55:49
The supervising officer was charged I believe the charges were eventually dropped because he had terminal illness.,74,2020-09-26,15:45:01
"I was quite surprised that the medic was charged too. Also not trying to be rude  but it‚Äôs the OC not CO, that passed away.",37,2020-09-26,17:20:12
I found it absolutely absurd when the medic got charged. This guy wanted to attend to Dave but got initially stopped by the safety officer. When they couldn't save Dave in time they fault him for it ?,36,2020-09-26,23:42:08
"Always the same. Shit happens, big shots appear and make glum faces saying will improve, SOPs revised. News show big big families have forgiven etc... Years later same shit happens, this time with a different general.",87,2020-09-26,15:57:42
More like toxic culture of Singapore makes it easier for these preventable incident to happen. Imo,41,2020-09-26,15:49:18
"Dude... the officer in charge is literally dead. 

He died of cancer.",21,2020-09-26,20:46:28
Look out for yourself first.,4,2020-09-26,21:01:46
"This is why everyone should just chao keng 

no point trying hard for this country when you die and they probably just laugh it off as if its nothing",42,2020-09-26,18:17:48
"So the choice is up to each of us. Tell your friends to pia in NS and die or tell them to keng like fuck because only you will be responsible for your own life? This is Dave, don't be Dave.",15,2020-09-26,17:22:44
USS Indianapolis. watch this movie. scapegoating as a policy,2,2020-09-27,07:50:40
"The outcome is contrary to concept of command responsibility. 

Only the minions far down the chain of command were charged. Even the commanding officer of the unit wasn‚Äôt charged.   

That is akin to punishing only the duty officers manning the death camps during the holocaust. 

https://en.m.wikipedia.org/wiki/Command_responsibility",3,2020-09-27,03:51:45
As usual SAF apologists coming out of the woodwork lmao,2,2020-09-27,10:39:19
"Male sinkie lives are quite expendable, there will be many many more tragedies like Dave Lee in the future. And no, we will not be changing our culture for it is too ingrained into our very being. 'Tis be the hard truth",-10,2020-09-26,18:49:49
"I‚Äôve been living under a rock for these past years, could anyone explain what the case was?
Edit: I‚Äôm extremely pissed at the fact that I really did not know about the Dave Lee case and I had to get downvoted by salty uncle and aunties lurking in the comment section.",-8,2020-09-26,16:28:12
Then the whole chain of command ought to be punished. This is someone‚Äôs child and national service is obligatory not voluntary.,107,2020-09-26,17:03:48
"yeah give fresh outta JC/POLY/ITE students the power to ""tekan"" their fellow peers, this is what happens i guess lol",41,2020-09-26,16:59:16
"Yup :( he passed on eventually, Dave‚Äôs mother forgave him",42,2020-09-26,16:59:27
"CO doesn't do shit. OC is the guy in charge of the company. 

If it was up to me I also wouldn't charge CO. 

However I would charge OC, PC, PS and the Sec Comms. No idea why the medic got charged.",29,2020-09-26,20:48:15
This. Just passing the ball on.,5,2020-09-26,18:04:31
lol true,-4,2020-09-26,16:59:34
Ya in this case the person responsible and most likely to be punished is the commanding officer who is already dead. What more do you guys want? Dig him out and flog him?,12,2020-09-26,23:06:05
[deleted],-1,2020-09-27,12:22:43
"Derps die valiantly in battle. Then the chao kengs and protected species take their wives.

Story of mankind.",0,2020-09-27,10:18:30
"Push your limits, but know your limits..",10,2020-09-26,20:15:39
You are right actually despite the downvotes from SAF apologists lurking in the subreddit. Sinkies deserve to be expendable like the slaves we are kekw,4,2020-09-27,10:54:05
A Singaporean son died for your freedom,1,2020-09-27,21:38:20
"I believe that the punishment of the nsf was satisfactory. As for the officers, we don‚Äôt know what will happen as the main officer was who supposed to be charged, died of terminal illness. Regardless, I do not enjoy ns, but we should not use the chance to try to uproot the whole situation just to suit our benefits. Only the family has the right to seek for better justice and not for outsiders like us to do so.",62,2020-09-26,17:13:05
And then what? Who wants to take responsibility be officer or sgt after that?,-21,2020-09-26,21:03:53
"Just curious, what punishment do you think would be fair?",16,2020-09-26,17:06:43
"My guess (NAL) is that the medic got charged for failing to discharge his duties fully. Medics are allowed (and obligated) to overrule superior officers in situations involving the medical care of soldiers. IIRC, there was a significant delay in the administering of aid to Dave when he first collapsed.",13,2020-09-26,23:04:59
The issue is not linited to him,1,2021-02-26,15:05:01
"I was involved in an incident that resulted in a serious injury. The investigation took close to a year and everything became harder when most of the people involved ORDed. 1.5 years is not a long time for an investigation and chargers if it involves state court, tbh.",1,2020-09-27,14:27:40
"We will never know.

Anyway hes punished already. He had cancer. Hes dead. He 'got away' because he had a terminal illness. Even if he was given a high charge, anyone with terminal illness will be waived of punishment. 

If this incident had never happened, he would still have cancer at the end of the day and would have passed on gracefully with full honors in service of his nation. 

Instead this incident happened, staining his military record without any hope of redemption for him.",1,2020-09-27,12:25:25
Ya I don't understand why there are only two options. Chiong till die or Chao geng to the max. Just know your limits can already what.,4,2020-09-27,12:30:22
"They downvote because they know in their heart of hearts that it is true. How many boys before Dave Lee have been killed by NS? How many changes, real changes has there been to the system? From my experience, none whatsoever and most bad things in NS that dont get coverage is quietly swept under the carpet.",4,2020-09-27,15:45:11
"What? Not for outsiders to seek then u want the system to remain rotten until one day it affects u directly THEN u go seek justice? 

Wtf is this logic?",17,2020-09-26,21:02:03
"Been through it, no longer need to seek benefits for myself.",1,2020-09-28,20:03:55
"I think for people who want to sign on to become officers, they must realise and bear in mind the responsibility they are going to assume. Should be in their oath or something. Cannot suka suka sign on then don't want to be responsible for the people under them",11,2020-09-26,21:18:18
"Huh ? Then don‚Äôt siao on volunteer for leadership role when you can‚Äôt take care of your man ? If you are a leader, you have to not only lead by example but also to care for your man. A leader will put himself in the line for his man and his man will reciprocate and put their best forward. If you want a leadership role without responsibility I honestly doubt it is the right place for you.",4,2020-09-27,02:11:26
"Those responsible should have been jailed 
.",-23,2020-09-26,20:47:35
https://youtu.be/ShH8EewhsGM,-21,2020-09-26,17:44:11
LOL on paper it sounds nice ah say can override and whatnot. The army culture is to follow the chain of command and any attempt to override that is seen as a slight against the commanding officer. As if any poor medic with a maximum of 6 months training will have the balls and the confidence to stand up to the OC?,42,2020-09-26,23:31:44
"> Medics are allowed (and obligated) to overrule superior officers in situations involving the medical care of soldiers.

I don't know how true this is to be honest. This sounds like those tales that NSFs tell but nobody knows if its legit because its too logical and SAF isn't logical. For example, SAF drivers during my time even if there was an emergency have to keep to the 50KM speed limit. Only with a waiver and approval command by the Vehicle commander can it exceed. 

There was one time some guy got stung badly at murai and had an allergic reaction. So my mate got activated to ambulance him over to the hospital. Had to go through vcom approval etc. Lucky the vcom also scared to get in trouble so just say ok go ahead zoom to hospital. But if the vcom say no, then the driver also lan lan suck thumb stick to 50KM otherwise what the fuck is the point of that protocol?

Ya I know its not a medic but the scenario is very similar, in the event an emergency happens and the standing order is no, what do?",24,2020-09-26,23:13:56
[deleted],-1,2020-09-27,14:32:00
[deleted],-8,2020-09-27,12:41:08
"If the system is really flawed, then u can try to seek the justice u deserve. But at this point, the sentencing whether it‚Äôs fair or not it‚Äôs not up to you to appeal for a better sentence. It‚Äôs the family choice to decide whether to do it or not. Unless u are directly involved or witnessed the situation personally.",19,2020-09-26,21:11:59
"That depends on what you mean by ""responsible"". Those involved did not do what they did because they wanted him to die. It's a combination of lapse in SOP and series of unfortunate events that led to his death.

And this is quite different from the SCDF ragging case. Where they intentionally did something rash which could be deadly.",15,2020-09-26,21:02:35
"Even motor accidents do not usually end in jail terms. It's also based on mistake, misjudgement .",1,2020-09-27,12:36:28
"The medic is the real victim here. If he overrides  his commander‚Äôs instruction and nothing happens to Dave, also will kena charged for insubordination. Either way also kena fucked by the system. The toxic chain of command system needs to be reviewed. We are talking about life and death here. Dave is not the only one and sadly will not be the last one unless the system is reviewed.",43,2020-09-27,01:02:10
"The medic LLST tbh. Either fuck care and override first, deal with fallout later; or fall in line, stand by the side, and deal with the consequences if something goes sideways.",9,2020-09-27,00:04:57
"Was combat medic in ns. Its true that we're allowed to override safety officer although I never did before since personally, I never had a serious casualty while I was the covering medic. Also never heard of any other medic ever doing so.

In theory, what we were told is that when we are covering as medic, we are the most trained medical personnel on scene so if you disobey chain of command for patient safety, can explain to MO and Senior Medic to back you up when you finish your cover.",3,2020-09-27,14:13:55
That's because the investigation is the lengthy part. The charges were done simultaneously and it still took 8 months.  The time frame is similar.,3,2020-09-27,14:35:05
"You've got to be kidding me. Can you explain how he got off Scott free and how he found an easy way out? Do you not accept the justice meted out by the universe?

Everyone has the right to plead not guilty and go through due process. Even then he didn't have a chance to plead guilty because the prosecution decided not to pursue the charge because he would be already dead before the court can convict him. Furthermore, the 6 others that were convicted all pleaded guilty, little doubt the CPT would have as well. You straight up just slandered a dead man when you said he dragged out the trial.

He got cancer, he didn't kill himself. Either way a death sentence was given to him. Thinking that he needs to voluntarily add to his own suffering and die in prison is just vindictive.",1,2020-09-27,14:03:06
"Anybody has a right to a trial, him being in prison would mean that the prison service would be taking care (and cost) of him cancer treatment. 

Anyway, he was granted a discharge not amounting to an acquittal on the 5 Feb 2020 and died 8 days later on 13 Feb 2020, so as someone else said, unless the trial and verdict lasted only 8 days, you will be pronouncing the verdict to an urn of his ashes.",1,2020-09-27,14:24:10
"You are really fucking trash. Downvoted to shit in the other thread, deleted comment to avoid more downvotes then come here to spew more shit about how the captain got off easy cos he died. 

Did your mom drop you on your head when you are young cos only a fucking retard will think that dying of stage 4 cancer is getting off easy compared to going to jail for 5 years.

Also you say the mother never forgive the captain? Heres a recap of the quote I replied you with but clearly you are too braindead to read properly.

> Lee‚Äôs mother, Mrs Jasmine Lee, previously told TODAY that she had forgiven Tan and visited him after he was given the cancer diagnosis.

> When approached by TODAY on Thursday, Mrs Lee said that the development was ""very sad for both families"". ""We both lost a precious son and brother... It's painful and I guess such pain is hard for others to understand,"" she added.

>She wrote in a public Facebook post on Thursday morning: ‚ÄúIt‚Äôs sad to (lose) 2 sons in this way... RIP... Hope you are in a better place with.",1,2020-09-27,19:01:07
Some people want every single incident to translate to mass hangings of everyone they dislike.  The mother already forgave the biggest culprit.  It's clear that the impact to victim and secondary victims are totally irrelevant to the petty outrage.,0,2020-09-27,17:32:49
"I don‚Äôt think it is true he will get charged if he overrules. There are specific markers for insubordination to be met, not so easy to charge for insubordination one.",-1,2020-09-27,15:05:25
"So let's say nothing happened, guy survived just fine

Mo or medic, who is buddy with the OC, now throw you under the bus and said you shouldn't have overridden OC because it wasn't an emergency and you misjudged situation.

Now what? You go in and squat?",2,2020-09-28,12:49:05
[deleted],-1,2020-09-27,14:36:11
[deleted],0,2020-09-27,14:08:58
"Erm...  Duh? People are outraged at the flawed system, nothing to do with the victims or whatever they feel. 

I dont know if u can still call this a petty outrage if your sons are placed in a similar situation in the future.",3,2020-09-29,10:10:03
Never get charged also sign extra. Who want sia,8,2020-09-27,17:53:55
Parallel proceeding against the defendants is not saying their charges are not prepared by the prosecutors at the same time? It's just meant they cannot be involved in two different court cases for example civil and criminal at the same time.,2,2020-09-27,14:45:37
Hey let me apologize. He claimed trial.,1,2020-09-27,14:31:54
The outrage is petty compared to this mother's pain.,2,2020-09-29,19:52:55
"TL:DR Don't be an arsehole, order food by 6.15 for best results",683,2019-05-06,16:07:57
"Worked as a foodpanda cyclist for about 3 months after NS and here are my opinions on foodpanda.
The process for an order are in 3 phases 
1) accepting the order
2) collecting the order
3) delivering the order

We had 15 minutes to collect the order and 15 minutes to deliver. At every process there is always a problem. 

Before even accepting the order the 15 minute timer has already elapsed. The order is already allocated to a Rider, if I as a rider didn‚Äôt accept it because I haven‚Äôt completed my previous order or whatsoever, the algorithm will send it to another rider. Sometimes there aren‚Äôt enough riders , so the wait just continues.

When collecting the order, some places are extremely busy especially at zi char stores. These stores aren‚Äôt well equipped or have a system in place for delivery services. Usually they prioritize the customers physically at their store and so the wait continues. Once I waited 1hr for 2 packet of fried rice.

Delivering the order, it‚Äôs a matter of following the GPS and just cycling. The only possible fuck up here is if you put your address wrong. The only problem is usually condominiums, sometimes the security system is so fucking annoying requiring you to do 10000 steps and the customer never wants to collect the food from the guard house. And sometimes the security guard is a  cunt.",41,2019-05-06,18:54:33
"I don't think the problem is with the riders. A majority of people do not fault the riders, the ones that do are assholes. Period.

Foodpanda and their various competitors are the ones at fault here. Setting ridiculous timings for food to be delivered is really asking for complaints to be made. The poor riders, as the face of the deliveries, would eventually pay for this poor managerial decision. 

For example, if one were to go on Foodpanda and order a meal from a foodplace, the app would give an estimate timing of delivery (e.g 20mins). This thing is, the customer would assume that after paying for their food, it would be delivered in 20mins. This is not the case. Foodpanda would firstly have to allocate the rider for the job - this takes time. A lot of it. Meanwhile, the 20mins timer would have already start counting down.

If it takes 15mins for the rider to be allocated, the estimated timing should indicate 35mins, right? Well, Foodpanda does not seem to think so. I have seen this from Grab too. Suggestions to suspend food places does to not seem to be working effectively and efficently. (Only during peak periods, for what I have observed.)

The number 1 place where delivery is seemingly consistent, more often than not, and would always set a benchmark in the food delivery business is non other than Mcdelivery. 

The rest of the industry players really need to improve their delivery processes. The only good thing they have going for them is price.

P.S Have a meaningful fasting month, my muslim brethren!

Edit: Aiyo, my P.S didnt make sense. Too tired and hungry from studying. Foodpanda maybe? Heh, nah.",231,2019-05-06,16:24:47
"Ramadan month, Muslim delivery people and unrealistic delivery times combine to provide material for the next iteration of Fast & Furious.",24,2019-05-06,18:36:39
"Yeap. Used to work for Foodpanda. 

Normally there‚Äôs a timer for every order you receive. Sometimes it‚Äôs 13 or 10 mins. Worst is when it‚Äôs like -5 mins. It‚Äôs probably an order which another rider rejected or something. 

But what‚Äôs even worst is when you‚Äôre early to pick up the food but the vendor takes like 30 mins to prepare it. Then because of them, we have to rush ourselves. 

A lot of the customers don‚Äôt complain when I send them late & I‚Äôm thankful. 

Honestly do people think we purposely delay the delivery? We ourselves want to send it as soon as possible. It‚Äôs not easy being a delivery rider.",12,2019-05-06,21:19:05
Let's order food for the riders as well.,19,2019-05-06,18:25:48
"Note to self, order food early.",8,2019-05-06,17:14:51
"read this and went to book grab food at 6:55pm, thinking fasting have not started. 

guess i'm having McDonald's for supper",5,2019-05-06,19:09:12
"thanks for the reminder. As someone who regularly grabfood/foodpanda/deliveroo, thank you to the many delivery riders for feeding me and my office and we really appreciate it!",5,2019-05-06,19:42:14
"Summary: 

Be prepared for delays due to **surge in orders** during the fasting month.",10,2019-05-06,17:25:31
"For me, I never once place the fault on the rider. I either blame the app for giving me an inaccurate timing or the restaurant for delaying my order and opting to serve the dine-in customer first.

In fact, even when the food is cold and soggy, I seldom fault the rider, I usually blame the restaurant for giving me ""leftover or rejects"".  

The only time I blame the rider is when they give me shit attitude like I am to be blamed that they have to deliver the food. Well, technically I am but..",3,2019-05-06,19:21:16
on a side note I had a colleague feedback to boss saying that the task he is assigned to finish prevented him from going to Fri prayer and to assigned it to someone else. I don't know how I should feel after that.,3,2019-05-07,07:44:14
"I always order my food, forgot the time I ordered and then always look surprised when my door bell rings.

Got a few dirty looks from delivery guys when I remark ""wa so fast"", never thinking it could sound sarcastic to them.

Oops.",3,2019-05-07,11:52:10
For such peak season (which also includes CNY eve) I would rather buy/cook/tabao my food on my own lest the food goes missing or I cannot get anyone to deliver food,2,2019-05-06,20:20:16
"I worked as a fast food counter staff before; it really is a hectic nightmare to handle both customers ordering on-site AND via delivery.

&#x200B;

So guys, sometimes the delivery rider is busy waiting at our counters for your order to be fully cooked & packed while the customers queuing up at our counters are competing for our time, focus & resources too. So this is something that is neither their or companies like FoodPanda's fault.

&#x200B;

In other words, order earlier, and expect very long waiting times during peak hour. And when things go wrong, don't be so quick to throw it out on the rider.",2,2019-05-07,13:55:33
"Very high quality and heartfelt post. And also very nice to see the cohesion of all the different religious groups respecting one another here, something which is a disaster in many countries.",2,2019-05-08,12:52:10
"Reading some of the comments is appaling. You don't try to stir things up asking the Muslims to choose between their faith and work. Remember, the only thing certain in this world is death. I hope you don't choke to death when eating your food because of your lack of understanding standing and non existence empathy

As for the Muslim brothers who is fasting and delivering food, stop taking orders 1 hour before breaking fast. Those kaffirs can surely survived for about an hour if they ordered their food near to your break fast and no riders is available to take their orders",2,2019-05-14,12:03:53
">Most food delivery providers are adopting a new scheme where the rider's salary is based on the number of orders they can deliver during their shift

In other words, most food providers are adopting a scheme where the rider's salary is based on his/her willingness to drive dangerously and increase the risk of ending up smeared all over the road like chunky salsa. Wonderful.  


I'd love to see stats on food deliveries made vs. accidents incurred.",3,2019-05-07,00:33:12
"Most places are fairly quick the only place i refuse to order from is KFC, one time it took over an hour and 20 mins. Wish they had a hawker food panda.",1,2019-05-06,18:19:16
Saw that Deliveroo is offering discounts for those who order between 4pm and 6pm. üëèüèº,1,2019-05-07,00:57:04
"Started cooking instead !! Ma Mia,  it's really interesting.  . .and yes too all Muslim friends . Happy Ramadan :)",1,2019-05-07,01:21:16
I encountered a grab food delivering macdonalds with a broken seal and 5 packs of lost fries. Rider rode off in a flash with no means of contact. Grab says only can refund the lost items... bah,1,2019-05-07,08:29:51
Thank you for this! I think the world could do with everyone just being a tiny bit more patient and understanding:),1,2019-05-07,08:38:50
Honestly as long as it gets delivered I'm happy :),1,2019-05-07,09:46:40
"if your food is late by 15 mins, mai kaopeh. 

folks are also trying to earn a living.",1,2019-05-07,10:12:21
This info should be in the app if it wasn't. What's PSA anyway?,1,2019-05-06,19:26:17
"PSA I'm fasting this month, please coddle me like a baby in your arms and feed me caviar.",-3,2019-05-07,04:16:46
"the nett amount of people eating dinner is the same, fasting  period or not. so whats the diff?",-5,2019-05-06,19:30:28
This post needs more upvotes!,-3,2019-05-06,17:37:47
I wonder why a large number of them are M,-4,2019-05-07,05:10:21
"I honestly cant give a flying fuck, their jobs, their decisions, people still work OT on their birthdays, you expect me to wait am entire month just because someone cant get their priorities straight?, dream on.

Stop asking for special privelleges when it was you who asked for this job :/",-76,2019-05-06,18:01:08
Religion is crazy you silly fucks,-21,2019-05-06,20:07:58
[removed],-22,2019-05-06,18:45:53
Before 6:15 is the now the new peak hour for food delivery.,21,2019-05-07,07:20:48
"> sometimes the security system is so fucking annoying requiring you to do 10000 steps and the customer never wants to collect the food from the guard house. And sometimes the security guard is a cunt

yesterday when I ordered Pizzas, I was thinking the same. Maybe, for food delivery guys they should have a different system. Normally, they ask him to add his details, the receiver's details, packet details, etc. Instead, they should take a picture of him and ask where he wants to go - the guy can deliver and later while returning he can provide the details. Or the security guard can collect his ID and allow him to deliver first (so the customer gets their food fast and hot, rider gets to reach there on time, and anyhow the details can be filled at security cabin).",6,2019-05-06,19:43:25
"last weekend I ordered via Foodpanda, it said estimated 40 mins to arrive so I went to shower while waiting. 12 mins later got a call from the rider outside the house üòÇ",53,2019-05-06,17:59:50
"Often times, the vendor may be causing the delay too, especially during peak timing. They have to serve an influx of walk in customers on top of all the delivery orders. Sometimes they lose track of the order and only start preparing it when the rider comes. The rider is losing more from it than you think.",7,2019-05-06,18:41:38
"This is exactly true, the customers are not pissed by the long wait, but pissed by the false ETA given by the app. If the app accurately tells me that my order will only arrive in 50 mins, that‚Äôs perfectly OK - I may not mind it or I can order elsewhere, however, it‚Äôs plain FRAUD for you to promise 20 mins but in reality you know you will be luck to deliver it in 50mins. It‚Äôs FRAUD because you solicit business by intentionally giving false information to the customer, because you know some customers would not order if they know in advance they need to wait for 50mins.",5,2019-05-07,00:30:51
"Capitalism. You lose to another company who can do it cheaper, better, faster.",2,2019-05-06,18:23:03
Don't forget about Domino's. They have their own riders and doesn't rely on third party.,2,2019-05-07,00:23:32
"But if they all set timings later, customers will also complain and say the company is shit. And you would need all companies to do the same cos if one doesn't, then everyone will use that company and all the other companies will be at a disadvantage for trying to do some good.

Also McD's is not the same, they have shops everywhere and they only need to worry about themselves",2,2019-05-06,17:06:47
"Agreed , the rider isn't usually at fault. I just had a bad experience with deliveroo. But still not sure if it was the restaurant or deliveroo which was the problem.",1,2019-05-06,19:39:29
"If it takes 15 mins for Foodpanda to find a rider, meanwhile at the restaurant they can start preparing my order. The time food gets prepared, the rider will be there to pick-up my order and later deliver it to me.",2,2019-05-06,19:38:50
Fasting Furiously: Ramadan,13,2019-05-07,00:43:01
Good idea. Thank you for thinking of my fellow brothers (:,2,2019-05-06,21:27:00
Good idea. Let's take it one step further by collecting the food for the riders too.,1,2019-05-08,02:40:23
you forgot putting the -> /s,-16,2019-05-06,19:39:19
"You can't really blame the provider for this; paying riders by the hour is just incredibly inefficient and open to exploitation.

Onus should always be on the rider to drive safe regardless of the payment scheme anyway. Some providers do provide free personal injury insurance, which is nice.",1,2019-05-07,09:19:14
"I do agree,sadly most families work on weekdays,however this can be done if you have a maid/someone who can cook.

Most cooking process take at least 1 hour to cook & prepare.

Happy Ramadan to all Muslim friend.",1,2019-05-07,02:22:34
Public service announcement,1,2019-05-06,19:30:11
Surge in demand. The sudden influx of people breaking fast at that instance is more or less guaranteed to brick a system that is designed for normal day-to-day traffic.,7,2019-05-06,20:10:00
Timing when the orders come in and Muslim riders breaking their fast around the same time,1,2019-05-06,20:16:24
"Their second language is almost useless outside of Malaysia, Indonesia and Singapore. Based on language alone, they are already less valuable professionally against the majority population race of Singapore which are the Chinese whose language is useful in Singapore as well as for communicating with China which is the largest growing economy. Hence they are not always going to find jobs as easily as the other majority race in Singapore.

Also majority of business owners or higher managements are occupied by the Chinese which of course prefers to hire people they can communicate with in their native tongues. 

So I guess food delivery is the next best option for them? Since Majority of M people really enjoy motorcycles.",-3,2019-05-07,15:05:13
"I don't think anyone is asking for special privileges, just that OP is trying to get people to understand and maybe just maybe be a little bit more considerate.

You fuck.",27,2019-05-06,18:24:08
lmao shitting on delivery drivers you‚Äôre the lowest of the low,18,2019-05-06,18:42:17
#Found the edgelord,9,2019-05-06,18:53:20
[deleted],13,2019-05-06,18:22:27
boy boy mummy already say cannot use f word. why you so naughty later mummy ban you from using computer understand?,2,2019-05-06,18:57:58
"I really hope your a middle aged women with a shitty short hair cut. Your the perfect embodiment of Karen. A completely selfish human void of all empathy.

I hope one day you have to be in a scenario where you encounter someone like your self and you realize what a tremendous fucking ass hole you are.

So let me break this down for your degenerate tiny ass brain to understand. During this month there will be a lot more orders around sun down, and we don't have teleportation technology so it will be hard for a finite number of delivery people to reach every single house. If your unhappy with that order earlier or later. The whole world doesn't revolve around you, try to keep up jack ass.",2,2019-05-06,18:38:12
"exactly. People need to grow the fuck up. If you take a job, don't expect special privileges just because of your specific group's beliefs. In the real world here, no one gives a fuck.",2,2019-05-07,04:14:39
"Ah, to be 13 and edgy af",0,2019-05-07,09:07:43
I'm still awaiting the days where religion goes the way of geocentrism.,-10,2019-05-06,20:26:04
...,0,2019-05-06,20:14:13
"lol, or maybe the resident can just take the lift down and collect the food from security counter?",17,2019-05-06,20:44:50
"Im the opposite, foodpanda estimated 25mins. Waited an hour, contacted helpdesk and say they they already assigned a rider to pick up my food and will arrive estimate abt 15mins later. Waited another hour, total 2hrs waiting time. No food arrived, proceed to cancel and cook instant noodle instead",36,2019-05-06,18:34:13
A notable experience I had was close to 2hrs. Ordered 9:19pm. Delivered at 11:11pm. Long email written. They apologised and gave me vouchers.,10,2019-05-06,18:35:40
"foodpanda rider here, thats what we do baby üòé",1,2019-05-06,20:34:55
"Yep, but the onus is still on Foodpanda to do some QC. Remove vendors if they are incompetent. That's why the feedback/star grading system really helps customers to stay clear of iffy vendors.",1,2019-05-06,22:00:51
"Quality and consistency matter to most people too. A huge factor why McD is doing wayyyy better than the aforementioned companies even though it costs more. When u allow grab to help u deliver your food, the demand must be damn high.

Edit: forgot put ""even though it costs more""",3,2019-05-06,18:30:27
Domino's is good! Really support them - think they didn't spend much on ads so the prices are pretty competitive.,3,2019-05-07,03:19:42
"Tbh McD is still better than a lot of companies‚Äô deliveries, even the ones that have to worry about themselves. I‚Äôve ordered so many times from KFC and it‚Äôs always been later than the time given. I‚Äôve tried emailing customer support but they never got back with why they set the timing so early. 

Agreed that McD is different vs Foodpanda and Grabfood, but the time allocated to find a rider should be added into the time given, maybe giving about a generous average time (~15 minutes or so during non-peak hours?) and the actual time food would be delivered. 

There‚Äôll be people who would rather have early/on-time drivers, and hence trust that company more, than one who constantly has drivers not deliver the food ‚Äòon time‚Äô . And when word-of-mouth gets around, plus smart marketing, there‚Äôll be people who switch over. Companies can appear more sympathetic and appreciative towards their drivers like this, which plays on people‚Äôs heartstrings and make them think ‚Äúoh, that‚Äôs a company I‚Äôd support‚Äù.",8,2019-05-06,17:32:23
"I can see both side's point of view, maybe the first step forward would be that the 20mins delivery time comes with a remark stating it's from when the food leaves the dining establishment, and that there may be extra time needed due to peak hours etc.

Also, being accurate at estimating food at 40mins (example) vs estimating 15mins but taking 40mins... Many would go for the 2nd establishment for the first time, but would likely remember the sour experience (wait so long!) when they want to order for the second time onwards.",2,2019-05-06,17:25:40
"Oh, how I wished this was true. But it is not. I've tested out this theory a couple of times. Even suggested it via their feedback.  Apparently, the order only goes through to the restaurant once a rider has been assigned. And so, it just a misleading waiting game; You thinking that your food is arriving, Foodpanda waiting to assign it to a rider and the restaurant blissfully unaware that an order had already been made 15mins ago.",4,2019-05-06,21:36:26
there's no /s to be put here (?),7,2019-05-06,21:13:47
Thanks!,1,2019-05-06,20:18:30
Are the proportion of delivery mostly Muslim to make such a difference?,-8,2019-05-06,20:21:13
"Awww someone can't understand that it's their job and they should fucking do it. 

It's not like they were forced into it. You wanna make a PSA for all lunch times and dinner times at every other brick and mortar restaurant?

""Guys please bear with us we won't be able to serve you because of the daily surge of orders, peculiarly during lunch and dinner times""

There's a time and place to be compassionate but this is a business like all others and no customer has to be obliged to follow your bleeding heart tendencies.",-9,2019-05-07,00:43:28
[deleted],-2,2019-05-06,21:44:23
"rules of the jungle baby, no room for compassion lmfao talking like youre on some man vs wild shit in 'the real world' youre the one thats gotta grow up",1,2019-05-07,09:43:30
"man 2 hours is way too long to wait‚Äîif it's like 20-30 mins late, I'll ask the service provider to cancel and if they refuse/cannot do it, I just get my CC issuer to cancel the charge, haha",19,2019-05-06,18:40:29
"Happened last week to me, got an order estimated at 25 minutes. Waited for around 30 minutes, then got a notification that the restaurant did not accept my order. Had to re-order from a different restaurant as the original restaurant was no longer available anymore and this order took 30 minutes. This was on a weekend at 4:30pm by the way.

&#x200B;

Like, I understand if a restaurant does not accept an order if they are busy or the food is no longer available. Taking the entire length of my estimated order time to do this, however, is not acceptable by any means. Limit the time where restaurants (or foodpanda themselves) can choose to accept/cancel orders to say, 15 minutes, to make it less frustrating for us.",5,2019-05-06,18:50:19
"I've only ever ordered with Foodpanda/Deliveroo/GrabFood/UberEats less than 10 times in total, and thankfully never had a bad experience!

Can't imagine waiting 2 hours for food delivery, haha",1,2019-05-06,18:43:37
Their rental is cheaper coz they don't have a big dining area. Their business model is centered on delivery. Up side is there isn't a delivery charge on your orders.,2,2019-05-07,03:42:20
"K good for you, you're still gonna get your food late tho.",2,2019-05-07,01:25:45
"Yes, I do. What's your point?",5,2019-05-06,21:48:54
"Compassion? You're talking like they need some actual help like an orphan or something. 

If you choose to fast, is it fair to offload your personal choices onto the business owner or the consumer of said services?",3,2019-05-07,09:49:56
"Haha yeah if its any other time i would have cancelled it on the 1st hour, but i was busy with work so i didnt pay much attention to it until i ask myself whats taking so long for the food to arrive",4,2019-05-06,19:13:14
"My brother was super ok with it. Prob cos he was damn hungry and tired. As for me, I just sat down in a daze, unable to comprehend Foodpanda's delivery service - service which i was actually paying extra for.",1,2019-05-06,18:55:44
Fuck now I feel dumb. Didn't know delivery was free I always take a bus to the Kovan outlet and eat in.,5,2019-05-07,03:49:30
Now got delivery charge of $3 liao,2,2019-05-08,06:46:41
I don't use food delivery.,-5,2019-05-07,02:41:56
[deleted],-8,2019-05-06,21:54:22
na dude im talkin like theyre actual human beings,1,2019-05-07,18:44:04
Haha well going down there guarantee it is hot tho. It's the same price either way.,2,2019-05-07,03:52:03
"Oh shit, I was working there like less than 2 years ago. Sorry for misinformation then.",1,2019-05-08,10:57:07
You want a referral code? We both could get 10 dollars off man.,3,2019-05-07,03:40:08
">	It‚Äôs rather shortsighted to refuse to express slightly more care and consideration during this period.

Can you point out the part where I said that? 

I said that fasting for health or religious purposes must not be used as an excuse to reduce productivity at the expense of the business. 

Both the employer and employee could of course try to find ways around it (e.g providing snack/power bars to support riders who choose to work through dinnertime without breaking fast) - it is up to them to figure out a win-win solution.

Are clearing trays specifically part of a cleaner's jobs? If they are, of course the cleaners should do their jobs. 

If they are not, then I support raising civic consciousness to help keep hawker places tidy. But which is which? This is a poor example to use btw - it's completely unrelated to the question at hand.",6,2019-05-06,22:07:59
Please call their customer service. And get them to compensate you with a $10-$20 off for your next order =). Remember need to call them and explain your situation then demand for the compensation.,111,2019-05-03,20:18:37
"Worst part is if you order food through grab app ( since now they are migrating grab food to main grab app ), until food is delivered you can't even get a cab . Vice versa too, I.e if you are riding a cab you can't order food..


I ordered food from my home for parents and I had to go to a party, guess what I couldn't get a cab till my food was delivered.",41,2019-05-04,00:07:12
"Update. Food from other service and restaurant at similar distance arrived in less than the 30 minute estimate.

Update: No way in Grab app to rate the order, driver, or restaurant of a cancelled order.",57,2019-05-03,20:47:14
Tbh the only time I use grabfood is when there is a coupon code of macdonald,21,2019-05-03,21:57:59
"Happened to me once. Ordered McDonalds. Everything goes as per normal within the time frame given. Order received, driver assigned, driver at the restaurant, driver is on the way, then order delivered. I thought, maybe the driver accidentally pressed the ‚Äúdelivered‚Äù button on his phone, so I waited 15 more minutes. Still no show. Call the driver, he picked up and said that it‚Äôs delivered and he has passed the food to somebody. 
Since I lived in condo, the security has to intercom me whenever there‚Äôs any visitor for my unit. So, I went down and asked the security, both the security guard said there‚Äôs no food delivery coming in on the last 30 mins. I was hangry. I ordered another food (still with GrabFood, what can I say, I like to collect points) and it arrive safely to me. I don‚Äôt even bother calling their customer service. I sent an email to them, they said they‚Äôll investigate and 1 hour later give me a coupon code for $5 or $10 off (can‚Äôt rem) and fully refund back my McD purchase.

My guess is the driver ran away with my McD as it‚Äôs too tempting to resist. Or, maybe he‚Äôs just hungry.
Can‚Äôt place the blame fully to Grab tho, sometimes when you‚Äôre having an unlucky day, these thing happens.",16,2019-05-03,23:24:40
Their app update SUCKS. For some goddamn reason they decided to merge it back into the main Grab app and now you can only place one order at a time instead of being able to place several. Godammit.,7,2019-05-04,01:01:08
"Everything about the app experience is worse than Foodpanda. The only reason why I'm using them is because they're paying me to use it, but as soon as the vouchers end it's back to Foodpanda for me.",11,2019-05-03,21:26:51
"I think you can call and feedback, they may give you some vouchers. Grabfood is a lifesaver for a lazy ass like me. It only failed once for me when there was 50% off Starbucks which took 1 and a half hours to reach. Contrary to your experience, I hate foodpanda because they don‚Äôt even let me use their service for some reason. All my orders get cancelled.",10,2019-05-03,21:07:14
"As someone who is currently signed up to be one of these delivery riders (not grab food, also yet to start working) I've seen quite a few times in the delivery rider chat group, riders complaining that the stall/restaurant is actually closed when they arrive to collect the food. Seems to be quite a common issue, I guess these apps are still pretty buggy...",3,2019-05-04,10:27:28
"In my experience, Foodpanda takes the cake as the absolute worst service. Delivery is mostly always late, no notifications informing late delivery, food is always all mangled up upon delivery and the most insulting of all, they compensate unfulfilled orders with a $5 coupon with a minimum spend of $25.

Fuuuuuuck that. I deleted Foodpanda ASAP.",6,2019-05-04,01:47:13
Had the same problem on a number of occasion. The best part is giving me a cash coupon with the expiry date one day before the mail. Was the last time I ever used GrabFood since.,2,2019-05-04,01:20:31
Why not just use foodpanda? It has always been more reliable than grab which is trying to be a jack of all trades but a master of fucking none,2,2019-05-04,13:56:28
"Uber was great for food and drivers, Grab was dogshit from day one. 

Promo code hoppers realise if you go for the cheapest option you‚Äôre likely to be left with the shiftiest option.",4,2019-05-03,23:48:34
"Disappointed with grabfood too. The app provides a scheduling feature where you choose a timeslot when you will have your food delivered. And I always get my food an hour or more earlier than my reserved slot.  And worse, I am still not at home to receive the order. Ok grab, I get it - you immediately assign my order to a rider. But what is the point of the scheduling feature then? For all these orders, I shared my complains to grab but nothing has changed. Never had these issues with foodpanda or deliveroo.",4,2019-05-03,22:43:58
"Can relate. 

Happened to me before. The deliverer also switched off his phone. Waited 1 h 30 min in the dark. Got too hungry so decided to eat caipng downstairs.

And the helpline is not very helpful.",2,2019-05-03,22:54:05
"Same, placed an order at 7:20c but 7:45 still searching for a delivery person...",1,2019-05-04,20:17:58
"I know it's two different types of foods, but I ordered a standard 2 for 22 Pizza Deal directly from Pizza Hut. They told me it would be ready in 40 minutes. They took 45 minutes and gave me a ""1 Free Large Pizza"" coupon on your next order for making me wait an extra 5 minutes. I love PH so much man! :D",1,2019-05-11,04:49:21
"I stay in Lakeside Corporation Dr and I cannot order any fucking food from JEM, Westgate or Jcube. Knn what the fuck 2 days ago I could order food from Westgate and Jem. Now $38 in grabpay for fuck? And also grabpay doesnt end in $38.50 its always like $38.73 Like how on earth will I spend 73 cents? Rides are like $13.50 and food is $13.20 Fuck grab i hope they close down",1,2019-09-15,18:10:45
"Grabfood requires top up to their eWallet, and that's the reason I refused to use it. eWallet promotes impulsive spending as users often want to spend away any remaining credit in their eWallet. Topping up and not using the app would be a waste, hence it's a great ""lock-in"" mechanism for Grabfood to maintain it's user base. Comparing it to Foodpanda, it allows COD, so I never had the urge to overspend, so far the service has been satisfactory.",1,2019-05-03,22:28:13
"Sounds like you had a pretty crappy experience! I've been lucky in that I've actually had pretty good experiences with Grab Food so far. I've had one time when an item was left out of an order, but I have a feeling it was the restaurant's fault and Grab compensated me for it afterwards. I don't mind using Grab for food and transport cuz I can collect points for discounts later.",1,2019-05-03,23:43:31
"Two times I ordered GrabFood where they forgot 1 of my order, had to call them and wait 10 minutes due to heavy traffic just to even get a refund. Ridiculous",1,2019-05-03,23:30:15
"So far, I have been very happy with my experiences with Grabfood. Food is always early, if not on time and the riders have always been very friendly. The one time the order was messed up was due to a mistake by the restaurant - and Grabfood very quickly refunded me the $, although we did have to forego one portion of food. üò¨ 
These experiences, coupled with their promotions - what is there not to love?",-9,2019-05-03,20:38:20
"same for me.  grab food got cancelled.  and i topped up $20 prior to grabpay.

it's like they planned to have some of my cash in grabpay no matter what.  i still have to use their services in the future or forgo the amount in my grab pay",0,2019-05-04,22:48:27
To be honest I‚Äôve had more frequent problems with other apps especially DELIVEROO where I ended up getting 4x$10 credits in a single night (yes the same order got fked 4 times). Grab is quite generous with codes if u ask for it anyway,-1,2019-05-04,01:24:15
"But at least they dont give you food on the next day.Plus,food panda got my food mixed up alots of time",-1,2019-05-04,07:13:12
I'm so sorry to hear your family went hungry.. how many survived?,-4,2019-05-04,03:35:13
"At least Grab has a line to call. Honestbee only gives an online chat - which I waited for 3 hours to get someone to assist me. 

Honestbee also cancels orders all the time. The most horrible delivery service.",36,2019-05-04,01:48:30
What's the hotline no.?  Can't seem to find it in the help section,8,2019-05-04,01:52:19
[deleted],4,2019-05-04,04:00:45
"Didn't realize that you're not gonna be able to use both services at once!

The app integration is fine, but not if it's gonna interfere with its other services. Not a smart move, Grab.",23,2019-05-04,00:32:29
"This is the biggest thing they need to solve now.

On a ride but want to pre-order food so that you can have a meal once you reach home? Nope.

Want to order dessert/beverages and main dish separately from different stores? Can't do that now.",13,2019-05-04,03:25:15
Yes I discovered this yesterday! Because I ordered food for a colleague and I and then I wanted to order from someplace else for another colleague but couldn‚Äôt. It‚Äôs so stupid. Just give us the separate grabfood app back.,4,2019-05-04,09:46:47
"I‚Äôve had a similar experience with Foodpanda before, ordered dinner for my event helpers. Food came 45mins late, with several orders wrong/missing. Tried contacting them but their help service was horrible. My takeaway was that these things happen regardless of which service you use; sometimes it just happens. It‚Äôs a risk that comes with these food delivery services, regardless of the provider.",9,2019-05-04,08:07:07
"You can rate the delivery guy from 1 - 5 star, but not the order/restaurant.",0,2019-05-04,09:37:55
Actually there are discount code every week. I normally will order McDonalds and it's like buy 2 get 1 free cause: 3 upsize meals about $30. I used the 40% off for total meal requires $25 and above. So basically I getting a discount of $12. Plus $2 delivery it's only $20 for 3 Mcd meals hehe,3,2019-05-04,09:49:20
"This actually happened to me before as well but on the other side of your problem. The driver delivered food to my house despite me having no knowledge of ordering food at the time. Turns out, they were delivering to the same numbered unit in the wrong condo as my place has a very similarly named condo right across the road. Happened twice so far, once with Grab and once with McDelivery.",11,2019-05-04,00:44:25
You can‚Äôt even get transport if you‚Äôve ordered food.,5,2019-05-04,09:48:27
"Why not pay for the service you like and help them succeed? What if Foodpanda fold because they lack the financial firepower of Grab and you end up with a crap hole experience because you wanted the cheapest option, then Grab take away the promos because they don‚Äôt need them anymore?",15,2019-05-03,23:50:53
"I've also had lousy experiences with Foodpanda. Took over 3 hrs for the food to be delivered. I was in contact with them over their online chat from hours 1-3. Called the restaurant directly after 2 hrs and they were still waiting for the driver to pick up. In the end I got food that was prepared over 2hrs beforehand.

They promised me some compensation and to wait for an email from them. I never received an email, still had to pay for the food and so I cancelled my account.

All the food delivery services in Singapore have terrible to average interfaces and serious issues with deliveries.",3,2019-05-04,09:28:47
Not to mention grab‚Äôs surge delivery fee...,0,2019-05-04,03:15:17
"I feel for you, man.  It's a tough job, and you guys stick through it rain and shine.  The app companies need to design the logistics better, especially Grab, which seems to send the rider irrespective of restaurant prep status, and keeps the rider waiting at the restaurant.

I wish the rider assigned to my order didn't just turn his phone off though.  A little bit of communication earlier would have helped.",3,2019-05-04,10:41:12
"Exactly. I‚Äôve been saying the same thing on Reddit. Since day 1, I had been telling my colleagues and friends to support Uber. But oh no. They had to go with Grab with its discount codes. Guess who has the last laugh??",1,2019-05-04,12:05:20
I work as a rider for another food delivery company. There are times too when I receive orders that are to be delivered at a later timing. The problem I think lies with the merchants. Some merchants already prepare the customers‚Äô food even though it was only to be delivered like 45 mins later. So I had no choice but to collect the food and deliver it to the customer.,1,2019-05-08,02:05:11
You can pay via credit card in GrabFood too. No need to use their ewallet.,8,2019-05-04,00:35:40
"Me too, my experiences with Grab Food was mixed - initially when they first launched it was bad , but gradually it improved. So far , for the past 10 orders, no issues at all. Definitely better than honestbee.",5,2019-05-03,21:48:48
"Good try, Grab Marketing.  I have a Platinum account with Grab for transport services and will not use Grab Food again.

Other food service offer live chat.  With Grab you're left in limbo when something goes wrong.",2,2019-05-03,20:45:51
"Honestbee just fired their ceo, always a sign that a company is in danger if you see that",7,2019-05-04,11:17:12
6570 3925¬†can try this and ask for their customer service support. Probably will transfer you over,2,2019-05-04,09:46:16
Wait a day or two while wondering if my dinner order is valid or will arrive?,2,2019-05-04,10:06:08
"Ik was shocking to me, hope they fix soon",9,2019-05-04,00:34:24
Sounds like d leedon and leedon residence,10,2019-05-04,03:04:56
Yeah! It sucks so much now.,4,2019-05-04,10:02:57
"Deliveroo will fold first, Foodpanda is fine, there's plenty of merchants on Foodpanda but not on Grab. Foodpanda also has a free delivery partnership with Lazada that is much more sustainable than Grab's time-limited $15 of vouchers for a 1 month subscription of $7.99 deal. Grab is willing to subsidise in the short term but they're late to the game. In the end people like me will go back to wherever has the best experience, and right now it's not Grab.",3,2019-05-04,00:04:34
Its gonna happen anyway since they have the same invester. And it was a merge Uber obtains 27.5% of Grab and their Ceo joins Grab's Board.,1,2019-05-04,18:18:54
"Fair enough, if available, I would always prefer paying with cash as it saves the hassle of refunds if it wasn't delivered for whatever reasons.",2,2019-05-04,00:39:52
"I am a customer of Grab who uses Grab for both transport and food delivery. Only recently jumped on the bandwagon for delivery and have truly had only good experiences. Previously tried the Panda (food always late) and the Roo (high delivery charges) - eventually happily settled on the Grab... not paid by Grab to say any of this (naturally if they see this and would like to offer me more discounts, I will not reject them!) 

Anyway, have been told that some of the delivery services do better in some areas as compared to others - so maybe I just happen to have good Grab services in the area I frequent. ü§ó Have a good evening, every one!",-13,2019-05-03,21:55:46
Awesome thanks!,1,2019-05-04,11:13:34
Yeah it's the worst change they've ever made! We should all complain and force them to change. :/,5,2019-05-04,01:02:19
"Why do you think Deliveroo goes first? I thought they‚Äôre a global business that only focuses on this kind of thing?

From the ones I‚Äôve tried here the ranking would be:

Uber>Deliveroo>FoodPanda> *i can‚Äôt ever even get Grab to deliver anything*

Clearly with Uber gone, I‚Äôm stuck with the other two. Deliveroo wins on customer service but sadly where I live both have pretty minimal restaurant offerings. My wife uses them because she‚Äôs lazy but I‚Äôd rather get on my bike and cycle somewhere for food or knock something up at home most of the time.",5,2019-05-04,08:52:59
"If Grab had sunk before it got too big, Uber wouldn‚Äôt even have bought it.",1,2019-05-04,18:32:30
"Deliveroo has always had the most expensive delivery fees and they're not partnered with anyone to bring in more users. I can't remember the last time I saw a Deliveroo rider in public. They had a strong start but they've fallen behind, and Singapore is too small to have 3 competitors in that market.",1,2019-05-04,11:32:07
100% cash back on mocha frapp if you use visa. Combine with the free delivery code NDP2019 and you‚Äôll have a free mocha frappe,158,2019-08-21,16:02:27
Free diabetes,26,2019-08-21,17:02:30
The frappening,21,2019-08-21,18:41:21
Can just prepare one big tub beforehand?,3,2019-08-21,17:33:32
Thank fucking god I wasn‚Äôt working tonight,3,2019-08-21,23:43:33
Mochafest,0,2019-08-22,00:08:22
"Last night I ordered mocha frap and some food...

&#x200B;

They forgot my mocha frap. *B r u h*",0,2019-08-22,08:39:44
"No wonder, the orders are overwhelming. X'D",61,2019-08-21,17:09:45
"Marketing manager asleep, spam for free drinks...",24,2019-08-21,16:37:12
[deleted],13,2019-08-21,18:59:47
"Yep, it's a promo between Foodpanda and Shopback, exclusively for Visa cardholders - [https://www.shopback.sg/visa](https://www.shopback.sg/visa)

P.S. I should disclose that I know this because I work at ShopBack, and these orders have indeed been blowing up all day. Thank you, /u/qianying09 ‚Äì you and your colleagues at sbux are heroes!",26,2019-08-21,19:13:50
"""IT'S A TRAP!!""",3,2019-08-21,18:25:16
Shopback!,1,2019-08-22,09:30:06
"lol many customers request for no syrup and non-fat, maybe it makes them feel less guilty.",30,2019-08-21,17:08:50
"This is Singapore, so it'll have to be a tall skinny non-fat frappening...

...and no, that's not on my Top Ten List for SBUX either üòú",1,2019-08-21,20:08:11
I was üò®,1,2019-08-22,00:09:03
Just setup a tap man,17,2019-08-21,17:43:40
Probably store is overwhelmed,8,2019-08-21,20:03:59
"Thank u for the encouragement, I'm sure to send this to my closers to keep them alive haha.",7,2019-08-21,19:45:38
"Also since I didn't receive comms about this, don't mind me asking, how long will this promotion last?",5,2019-08-21,19:46:58
"Doesn't work for my Visa card why ah?

I linked it last time. When when I try to key the access code it keeps failing",1,2019-08-21,21:04:37
"\*""IT'S A FRAP!!""",20,2019-08-21,18:51:20
"""Auntie, prawn noodle without prawn.""",57,2019-08-21,18:25:55
"What happens if one requests for ""no syrup"" in a mocha? You use cocoa powder but not the sugar syrup?",3,2019-08-21,18:49:19
[deleted],3,2019-08-22,00:33:09
Oats curry (otsukare) uwu,3,2019-08-22,00:34:51
I wish we could,8,2019-08-21,18:54:01
Respite is fast approaching ‚Äì the promo is running only for today :),5,2019-08-21,19:52:28
"Uh oh. Entering the first 6 digits of your Visa card number in the window on [this page](https://www.shopback.sg/visa) should work ‚Äì it seems to be functioning normally for me :/ 

(Also, I assume the card-linking you've mentioned is to ShopBack GO, which shouldn't affect this Visa offer in any way)",2,2019-08-21,21:41:02
"Is it a common order or just weirdos around me?

Some colleagues/friends of mine don't like seafood but like the prawn broth, so they often order this.",8,2019-08-21,21:14:37
"We use base syrup to make it easier to blend, and the mocha flavor comes from our chocolate sauce. We just omit the base syrup if customer requests for no syrup. Tbh if you want unsweetened drinks just order an iced latte or a cold brew.",11,2019-08-21,18:52:44
"do you guys get heads up on promotions like this way in advance?

either way thanks for the heads up, i'll def pull my colleague along to grab a treat next week!",5,2019-08-22,09:28:43
Yes I am! Hope you are too !,2,2019-08-22,01:29:48
I eat oyster omelette without the oyster,5,2019-08-22,09:03:05
Ahh ok. Does Starbucks have sugar-free syrups here in Singapore?,1,2019-08-21,18:55:02
This is me. Also prawn noodle no prawns add liver also me.,1,2019-08-22,16:58:51
So far there's only option for sugar-free vanilla.,3,2019-08-21,18:58:05
I'm going to have to try that sometime. Thanks!,2,2019-08-21,19:01:44
"Do you have any drinks that‚Äôs very sinful - something like how a Nutella frappe would taste haha. Very rich, creamy, and sinful.",1,2019-08-24,01:42:46
"You could request for whipping cream in place for the usual full cream milk for your frapp, for nutella-like flavor you'd want some hazelnut and chocolate flavor, so you could ask for a chocolate chip cream frapp with hazelnut syrup and if you want it even creamier you can also add white chocolate mocha sauce. :)",1,2019-08-24,10:39:14
"Ah thank you!! 
Maybe I‚Äôll try non coffee base with some hazelnut + mocha + chocolate syrup hahaha. Never really tried Starbucks so hope it‚Äôs ok price wise and taste wise :)",1,2019-08-24,20:14:00
"I used to do food delivery with an e-scooter before switching to bicycle. My opinion is it's a bad idea. Someone's gonna get run down by a YP. 

Also if we reverse the ban, people are going to complain when they ban it again.",21,2020-03-21,17:23:39
You ordering from gedong or tekong? There's enough riders in most places.,15,2020-03-21,17:21:40
Wait till some child or ah mah get knocked over and die then blame who?,11,2020-03-21,17:36:48
"If someone dies from getting knockdown, do you think you should be charged with abetting?",10,2020-03-21,18:29:11
Now still got pmd whizzing on pavements,8,2020-03-21,17:26:33
Hahahhaa no,6,2020-03-21,19:35:22
"> There are many occasions with no acceptance for an hour or consecutive cancellation because it is simply out of the way for bicycles.

I don't understand this. If its out of the way for bicycles, wouldn't it be out of the way for PMDs given that they are allowed to use the same infrastructure?",3,2020-03-21,17:44:18
"PMD is not something cheap. It costs at least a few hundreds dollars. It does not make sense to unban for a few months, then make it banned after that. Should they buy a new PMD now if it is unbanned, and knowing that it will be banned after this?

And, to point 5, it is the opposite here at least at my area. People are not going out to the town, shopping malls, ect, so the kids, the seniors all come down to the little playground here, or void deck, and the park next door. Outdoor, less risk.",2,2020-03-21,17:28:16
"Agree with point 2. Not the rest. Food delivery is still available without pmd. Before the pmd explosion, motorcycles were the Mainstays. Don't see why that should change that much.",5,2020-03-21,17:21:53
All the boomers who went panic buying are laughing at this post now,1,2020-03-21,17:47:33
">simply out of the way for bicycles

Care to share what kind of location?",1,2020-03-21,17:48:23
"That's my feel but op cites many instances from his experience.. unless it's raining, I've never had issues before pmds came about..",2,2020-03-21,17:26:23
HAHAHAHAHAH I LOLED,1,2020-03-21,17:28:17
"Sorry reworded, maybe someone who does deliveries on bicycle can provide more insight into this. Perhaps it could be too far away for bicycles. :)",-4,2020-03-21,17:50:48
Definitely still available! But I do experience as a service that it is not as efficient as it used to be prior to the PMD ban.,-9,2020-03-21,17:24:00
"not sure bout other services (should be the same) but for grab, there's a distance ceiling within which bicycle riders are obliged to travel - any further and we can request dispatch to reassign the order. that probably explains the consecutive cancellations - sometimes the distance on bicycle is just too far, and the time needed to deliver your food to you is going to be very very long, so we'd rather cancel and let dispatch give it to a motorcycle (hopefully) because their distance ceiling is much much higher and they can get your food to you quicker as well. (but typically it just goes back into the general pool and it's a matter of luck whether you'll get a motorcycle).",1,2020-03-21,22:28:33
Not as efficient for the rider in the sense that need to walk more?,3,2020-03-21,17:27:59
"It's not an app, but you might want to include the SG Kiasu Foodies Telegram channel as well.",21,2019-06-10,17:16:24
Lj so many,15,2019-06-10,20:21:34
"Treatsure is not bad too
https://www.straitstimes.com/lifestyle/food/how-the-treatsure-app-works

Personally, I won't recommend nomnomby. Terrible customer service. If you want to get a subscription, mealpal is much better.",9,2019-06-10,17:11:20
"Just a heads up on Whyq -- I ordered from them a week ago and their customer service was horrendous to get through just to cancel the order (Kept hanging up on me 3-4 times) since the rider was over 2 hours late. They said they'd cancel, but they ended up charging my card and the process was marked as 'completed' on my app. I called again to get a refund with the customer service representative promised me that their 'team' would get back to me within 24 hours after insisting that I got my food. 

&#x200B;

I never got anything and had to contact my bank about it, who then cancelled my card and had me get a new one, then returned the money to me. It wasn't a massive amount, but it was enough for me to never order again just because of how awful the experience was. Stick with Grabfood and Foodpanda, guys.",8,2019-06-10,21:34:13
"I find the grabfood delivery plan to be very worth it. For $8/month, you get a $5 off voucher + $10 off voucher AND 30 free deliveries. Can get bbt with free delivery, for example. 
Only downside is only one order at a time (i.e. you can't order lunch and bbt at the same time)",4,2019-06-10,21:27:50
Don‚Äôt think Makan Kaki is around alr,3,2019-06-10,20:23:01
Lol do you actually use all of them,3,2019-06-10,20:39:40
Totally not just commenting to save this post,2,2019-06-11,07:29:42
wah so colorful lol. any promo codes for new users?,1,2019-06-10,22:13:15
super helpful! Praise the internet and OP!,1,2019-06-11,02:00:49
Here's the link: https://t.me/kiasufoodies,6,2019-06-10,19:25:59
"Last time can do multiple orders. Idk why they liddat now :((((((((( the ""update"" merging Grabfood into the Grab app was an all-around downgrade",3,2019-06-11,00:08:46
"as someone who uses GrabFood 3-5 times a week, I definitely noticed downgrades, you can't order food while you're in a Grab ride, you can't order a Grab if you have a pending GrabFood order, like what???? Also, some restaurants that were always there don't show up randomly, but the guy next to you pulls out his phone and it shows up on his phone somehow.",3,2019-06-11,22:53:39
"Yeah it's awful. I've complained to them a lot of times alr, and they said they'd gotten the same feedback from a lot of ppl, but none of the downgrades were addressed in the latest update :(",1,2019-06-12,03:35:47
"Not restaurant, but Spizza's pizzas are marvelous. You can order them from food delivery service.",5,2017-01-14,21:12:39
"Carl's Jr is pretty decent imo. Well, if you're into their burgers that is. I'm just in it for their chili fries.",5,2017-01-15,08:13:08
Mac nonner,7,2017-01-15,08:49:46
I tried ordering tanuki raw on ubereats. So worth it !,2,2017-01-15,08:12:16
"We get Nando's quite often.  And it all arrives well packaged too.  Otherwise Pizza Express have recently signed up, and they probably do the best pizzas on the island.",2,2017-01-15,14:37:09
I like Spize.,1,2017-01-15,10:01:19
Just try 1 everyday till you find the 1 you like.,1,2017-01-14,23:06:49
Which service is it on if i may ask?,1,2017-01-14,22:21:33
They have delivery now? OMG gonna try this,1,2017-01-15,12:31:25
"+1 on tanuki. That stuff is glorious. 

Havent used delivery to order Grillo yet but had it at Suntec Pasarbella and I'll be getting it sometime too",1,2017-01-15,10:37:50
Yep I've been going to Pizza Express once a week its so good. They don't deliver to my house but hopefully they will soon on Ubereats or Foodpanda,1,2017-01-15,18:54:43
Yeah Spize is good i've had it at their actual restaurant. ,1,2017-01-15,10:40:29
Order from them direct on their website or phone ,2,2017-01-15,01:22:42
> Foodpanda,1,2017-01-15,13:46:45
