,content,author,date,retweets,likes,url
0,"Give a FREE Breakfast for your delivery rider, on us! Just order a McDo Breakfast Meal today, from 6am to 10am, via‚Ä¶ https://t.co/8ZPDK8kWh2",McDo_PH,2021-03-15 22:13:47,46,93,1371585445637844992
1,"This March 16, order a McDo meal from McDelivery, GrabFood, and foodpanda, and your rider gets a FREE breakfast fro‚Ä¶ https://t.co/s7nMyMlxIH",McDo_PH,2021-03-15 11:00:00,69,166,1371415883508289537
2,tumatanggap ba grabfood gcash .... hhhgghh cashless girl living cash-using world,roundtobio,2021-03-21 07:39:18,0,0,1373539700477022209
3,"Tuloy tuloy ang saya this summer with GrabFood‚Äôs PISO DELIVERY WEEKENDS this month of March! üíöüéâ

Just use your prom‚Ä¶ https://t.co/2cfeyadtZE",moosecobubble,2021-03-21 07:33:29,1,1,1373538237050810377
4,"@lxxandrd grabfood 

OUR SHINING ACE HEESEUNG

#ENHYPEN_HEESEUNG #ÏóîÌïòÏù¥Ìîà_Ìù¨Ïäπ 
@ENHYPEN @ENHYPEN_members",c_chantara,2021-03-21 07:30:34,1,0,1373537504301699075
5,grabfood off peak free delivery is a lifesaver,Cher_HongKai,2021-03-21 07:10:14,0,0,1373532386739167232
6,Nakaka tatlong rider na ako sa grabfood na nagtext ng same context ü•∫ I hope grab is protecting these precious rider‚Ä¶ https://t.co/s9ZlFLMdnC,gandamocamille,2021-03-21 07:06:52,2,8,1373531539590418432
7,"@lxxandrd grabfood

OUR SHINING ACE HEESEUNG

#ENHYPEN_HEESEUNG #ÏóîÌïòÏù¥Ìîà_Ìù¨Ïäπ 
@ENHYPEN_members  @ENHYPEN",biscuitsnk,2021-03-21 06:59:54,1,0,1373529785138212866
8,"@lxxandrd grabfood

OUR SHINING ACE HEESEUNG

#ENHYPEN_HEESEUNG #ÏóîÌïòÏù¥Ìîà_Ìù¨Ïäπ 
@ENHYPEN_members  @ENHYPEN",happyeverhypen,2021-03-21 06:51:13,1,0,1373527601474498560
9,"@lxxandrd Grabfood

OUR SHINING ACE HEESEUNG

#ENHYPEN_HEESEUNG #ÏóîÌïòÏù¥Ìîà_Ìù¨Ïäπ 
@ENHYPEN @ENHYPEN_members",neomucoa,2021-03-21 06:48:49,1,0,1373526995812806658
10,üì∑ Best Sunday Roast you will have this year and its available every Sunday at Speedway on Mertanadi. Delivery to yo‚Ä¶ https://t.co/keMBEgASml,speedwaybali,2021-03-21 06:48:09,0,0,1373526827600379909
11,"gofood or grabfood !?
##ü¶å -!!",lxxandrd,2021-03-21 06:48:03,1,0,1373526803378171906
12,üì∑ Classic Cheesey pizza with Jalepeno. At Speedway you can have it your way. Take advantage now while discount 20%‚Ä¶ https://t.co/pApVW33h8K,speedwaybali,2021-03-21 06:41:42,0,0,1373525204765409282
13,"Order via GRABFOOD or https://t.co/R15VTORIcE

You can also visit us at 2025 Lakandula St., Brgy San Jose Angeles C‚Ä¶ https://t.co/3jmdFobqSU",GalenSizzling,2021-03-21 06:32:34,0,1,1373522905519157249
14,"Greenwich Creamy Bacon Carbonara Pan, perfect PAN-fam weekend merienda, regular size P465 lang! üòãüëåüèª

Pwedeliver thr‚Ä¶ https://t.co/wPsyPQN2HR",greenwichpizza,2021-03-21 06:01:41,1,1,1373515135608791044
15,@gunnyskies i think theyre available on grabfood huhu order na youuu,heephrodisiac,2021-03-15 10:56:21,0,1,1371414963344969735
16,@littlemochie__ gofood grabfood yank,snasukkie,2021-03-15 10:56:05,0,0,1371414896965947394
17,Eh grabfood,nonsenseprincee,2021-03-15 10:34:39,0,0,1371409503065808896
18,"Cup of happiness ‚òïÔ∏è

Have you had your Borneo Latte today? There‚Äôs still time! Find us on Grabfood, Foodpanda or Be‚Ä¶ https://t.co/gvhuJFwA5C",TheBrewCrewMy,2021-03-15 10:32:54,1,4,1371409062227701767
19,I think im going fully grabfood from now on,afiqyusup,2021-03-15 10:28:00,0,0,1371407829555290118
20,@ainvocado foodpanda / grabfood? :(,imndlaila,2021-03-15 09:54:52,0,0,1371399489966120963
21,Took my time hyperventilating that I just remembered I'm supposed to go buy ramen from the store grabfood recommended,circeluvr,2021-03-15 09:41:34,0,0,1371396141460254720
22,Grabfood ae cepet https://t.co/T0vwiti649,litsdragon,2021-03-15 09:26:10,0,0,1371392266107953154
23,i target tak nak order foodpanda/grabfood but then sis is streh so sis need foodz,ezreennabila_,2021-03-15 09:13:24,0,0,1371389055296937986
24,foodpanda just gave me a flyer for grabfood haha oki,baekhyundere,2021-03-15 09:06:02,0,0,1371387200869257229
25,@leshaalanc Dei this one the shop people do la not grabfood riders HAHAHAHAHAHAHAH,Jot1209,2021-03-15 08:59:10,0,1,1371385473273188352
26,@MnBnUpdates__ @onlyparkjinwoo Hello. You can place order via Grabfood - search for Blackscoop Shaw. Add note to dr‚Ä¶ https://t.co/U0PxH6cqcc,moonteatime,2021-03-15 08:56:01,0,1,1371384679920594946
27,"Don't forget to use that Grabfood code ""saktosweldo500"" til 7PM and get 500 off!",DylanAraneta,2021-03-15 08:53:41,0,1,1371384091178795010
28,Craving for papaya and dragonfruit. Luckily its available on grabfood üòÇ https://t.co/cAPzRwnhLF,donnajourneyx,2021-03-15 08:36:13,0,2,1371379698870022145
29,"To everyone who lives in a different city as your parents. To go shopee, go to GrabFood or anything. Order them a g‚Ä¶ https://t.co/rgcEMGfyVh",ruffleseed,2021-03-15 07:59:38,166,430,1371370492259573765
30,Bought this @WayV_official bundling package from the local coffee shop @kopichuseyoid only for today! Go grab yours‚Ä¶ https://t.co/jaU0Sl0MrD,seobiseobi90,2021-03-15 07:56:29,5,43,1371369699263406080
31,@csywoodz_96 dah lama tak minum starbucks. starbucks tak reachable using grabfood or foodpanda dari rumah i ni https://t.co/r7VGv5lQyc,Woodzseungyoun4,2021-03-15 07:55:56,0,0,1371369559362465793
32,"@feeqabas Hi Feeqa, yes, customer will receive an auto-generated message indicating that your GrabFood rider/ GrabC‚Ä¶ https://t.co/plT3KstID8",GrabMY,2021-03-15 07:39:32,0,0,1371365433035550722
33,my clown era: forgetting the grabfood promo code,guidetoballads,2021-03-15 07:25:37,0,0,1371361928228990982
34,May nyarbucks na sa GrabFood Fairview! üò≥üòç,JustPaoloG,2021-03-15 07:17:41,0,6,1371359933912948738
35,Stay at home and order your favorite food from @ImperialShanghaiID via Grabfood and you can get discount Rp 50.000‚Ä¶ https://t.co/4jcJtl9ujO,ImpShanghaiID,2021-03-15 07:02:49,0,0,1371356194279809024
36,@kml_422 Job grabfood la üòÇ,shahamirul,2021-03-15 07:00:22,0,0,1371355577058652161
37,how is it moon day and i‚Äôm finding out sugarbun is on grabfood? i‚Äôm shaking in missing my hometowns food https://t.co/cnlzCa4fGS,alterinate,2021-03-15 06:58:55,0,3,1371355211906752523
38,Stay at home and order your favorite food from @ImperialShanghaiID via Grabfood and you can get discount Rp 50.000‚Ä¶ https://t.co/nvJyaLEsGd,ImpShanghaiID,2021-03-15 06:23:22,0,0,1371346263447199748
39,"My grabfood driver is deaf/mute, luckily I searched how to say thank you in asl and he's shocked hehe. Thanks for the food üòã",nyloberries,2021-03-15 06:18:24,0,1,1371345014488408066
40,@jibleky grabfood,claudcath,2021-03-15 06:13:26,0,0,1371343763910488065
41,Grabfood https://t.co/cFCK61qBuZ,feltlovedbyyou,2021-03-15 06:01:04,4,6,1371340652252827654
42,i wonder does grab have this feature for grabfood rider too? @GrabMY https://t.co/gJ7UucMwow,feeqabas,2021-03-15 05:55:26,0,0,1371339234477371396
43,@izonelover123 omg u do grabfood WOAHHHHHH i didnt know you can drive!!!,min_jewel_,2021-03-15 05:25:48,0,0,1371331778871365635
44,50% off sa Grabfood ang selected merchants today. Like Chaiwan weee,palachikong07,2021-03-15 05:20:32,0,0,1371330450686320645
45,friendly grabfood uncle made my day ( ; œâ ; ),bebec_chan,2021-03-15 05:20:07,0,0,1371330345560199171
46,"JCO DONUTS BUY 1 TAKE 1 PROMO FOR 1 DOZEN at Php 550 starts today!!!! ü•≥ @JCoDonutsPH

Ps. Until March 17 only. Only‚Ä¶ https://t.co/Lqzmodv8zY",gadnlg26,2021-03-15 05:03:49,0,0,1371326246865436676
47,"BRIGHTWELL Photo &amp; Video 

more info :
WA: 0878-2240-1343
follow ig @ bwellphotovideo 

#fotomakanan #fotoproduk‚Ä¶ https://t.co/N1ksPHhurA",bangucup_id,2021-03-15 05:00:01,0,0,1371325287665926146
48,"Feeling the Monday Blues? Here's a GrabFood PH Flash Sale to save you through the day!

Enjoy 30% OFF today, March‚Ä¶ https://t.co/uzMEjU2IzY",frankieswings,2021-03-15 05:00:00,1,4,1371325283484069890
49,You‚Äôll feel like you‚Äôre in ‚ÄòCloud 9‚Äô with @JcoPHtweets' special 9th anniversary promo! Get 2 dozen donuts for only‚Ä¶ https://t.co/TTcOcvy7nD,MarketMarketBGC,2021-03-15 04:53:07,0,1,1371323553275015172
50,if your restaurant is super duper busy that it causes an hour delay to the deliveries i think you should just diasb‚Ä¶ https://t.co/PhM0cHBVEd,shaniaaalau,2021-03-15 04:47:51,0,1,1371322226834743301
51,@pollayunqi grabfood ü§ß,hc_taromilktea,2021-03-15 04:20:05,0,0,1371315237635256324
52,@ssupermork GRABFOOD,hc_taromilktea,2021-03-15 04:19:47,0,0,1371315163756863492
53,"@SarahNaz_ Hey Sarah, thank you for considering GrabFood! üòÑYou may want to check out our latest promo deals, HOTDEA‚Ä¶ https://t.co/r4vdYYW21U",GrabMY,2021-03-15 04:16:51,0,0,1371314423940325376
54,grabfood n food panda: üëã,saylalelilolu_,2021-03-15 04:03:08,0,1,1371310972929896449
55,foodpanda or grabfood?,SarahNaz_,2021-03-15 03:59:11,0,1,1371309980595326978
56,"Delivery is also available via GrabFood, foodpanda, and GCash.",KFCPhilippines,2021-03-15 03:30:05,3,10,1371302656925331459
57,üéâNEW FLAVORS ARE HEREüéâ The new #KoomiPH drinks are out! Indulge and get them at Koomi MOA or via GrabFood! Which‚Ä¶ https://t.co/wAvyeZb53s,TheMallofAsia,2021-03-15 03:29:35,0,4,1371302529611431937
58,Get your favorites and more at up to 30% off on March 15 from 4PM-7PM on GrabFood! https://t.co/KqVtg2nVJu,ManilaOnSale,2021-03-15 02:44:32,0,0,1371291193028534275
59,"Almond cream croissant - 40 B
No.1 Best selling item of all time 

Order via
üè†our shop front at ekkamai 24
‚òéÔ∏è line(‚Ä¶ https://t.co/E4Tq9FKctS",CroissantSusan,2021-03-15 02:42:10,0,0,1371290598326501377
60,"Hello! Friendly reminder to:
1. Tip your grabfood drivers if you can
2. Always rate them! It helps them a lot. This‚Ä¶ https://t.co/dpCmh9Xp5B",moonjunwoo,2021-03-15 02:29:49,0,0,1371287490573729793
61,"LET'S JOIN WEB OF SCIENCE ONLINE QUIZ AND WIN GRABFOOD VOUCHER

PTAR would like to invite all UiTM Staff and Studen‚Ä¶ https://t.co/YCYRkvqNv8",PtarKSB,2021-03-15 02:25:38,0,0,1371286436113047558
62,"Pernah order thru foodpanda once je, tu pun order pizza hut. Definitely cheaper than walk-in price sbb ada 50% off.‚Ä¶ https://t.co/jVCNyFrfS4",ziera823,2021-03-15 02:11:48,0,0,1371282954274533377
63,"Pina-sarap ang PAYDAY with GrabFood PH Flash Sale TODAY March 15, 2021 at 4PM-7PM!
Mechanics:
- Sales window will o‚Ä¶ https://t.co/158HiL2Qi9",HK_noodles,2021-03-15 02:01:51,0,0,1371280449637523457
64,"Our Chicken Inasal Family Size Pecho is great for the whole family! Get it via GrabFood, foodpanda, and Mang Inasal‚Ä¶ https://t.co/7ESTILqXCX",iammanginasal,2021-03-15 02:00:01,0,0,1371279991250550788
65,A Korean meal is not complete without KIMCHI üòâ Get 500g of kimchi for only P190 here at #SeoulTrainPH‚Ä¶ https://t.co/7IrZqMWvNH,seoultrainph,2021-03-15 02:00:00,0,5,1371279985206390789
66,Despite GrabFood couriers becoming a more common sight‚Äîespecially during the pandemic‚Äîthese riders encounter proble‚Ä¶ https://t.co/NlUhszGjal,DGTLJusticePH,2021-03-15 02:00:00,4,6,1371279984862633991
67,LET'S JOIN WEB OF SCIENCE ONLINE QUIZ AND WIN GRABFOOD VOUCHER https://t.co/6jfpnydQRv,PtarPuu,2021-03-15 01:29:18,0,0,1371272258707091456
68,Good morning beautiful sunshine...!!!! Thank you LORD for the air I breath...#GrabFood #rideforlife #pray4mylove1‚Ä¶ https://t.co/E35KyJKsK8,jazzymarky,2021-03-15 01:26:15,0,0,1371271491547844612
69,During this period of pandemic. The use of #grabfood is essential https://t.co/vYsjgCzcZu,ihaboboho,2021-03-15 01:00:56,0,0,1371265120093888512
70,@kbaeffa U can GrabFood from Tuk Tuk cuzz. Delish also their greentea.,AnnoyingFain,2021-03-15 00:58:25,0,0,1371264488591085571
71,@ayanamifaerudo Estrels! Hopefully it's on Grabfood,withelights_on,2021-03-15 00:38:45,0,0,1371259538121191427
72,üì∑ Speedway Smashed Avocado toast 3 Ways. The tastes and blend of flavours amazing.. üìçSPEEDWAY BALI Sports Bar &amp; Gri‚Ä¶ https://t.co/2e2Z272sJ2,speedwaybali,2021-03-15 00:26:51,0,1,1371256543946100739
73,"Let us know how you want your egg yolk in your favorite Rakenrola beef tapa. Runny or well done, we got you covered‚Ä¶ https://t.co/jT4KeSM2Rl",Rakenrola1,2021-03-15 00:05:10,0,0,1371251086317785088
74,@sheejjj We've got your cravings covered üòâ Enjoy 20% off your favorite dishes with no minimum spend required! Just‚Ä¶ https://t.co/LQ0ZqObvS6,grabph,2021-03-14 23:19:45,0,0,1371239658244440064
75,"@AshleyBumbleboo Magpa-deliver ka nalang, Ashlee! üíö Get food discounts when you see the SulEAT Savers green tag on‚Ä¶ https://t.co/jp74EAnGMb",grabph,2021-03-14 23:11:22,0,0,1371237549537132550
76,"@GHICsilog We've got your cravings covered, Ghic üòâ Enjoy 20% off your favorite drinks with no minimum spend require‚Ä¶ https://t.co/ZufTre6bGR",grabph,2021-03-14 23:09:36,0,0,1371237104466997253
77,"@ajjuliano We've got your cravings covered, Alvin üòâ Enjoy 20% off your favorite drinks with no minimum spend requir‚Ä¶ https://t.co/qIgZsoZ1Vz",grabph,2021-03-14 23:08:14,0,0,1371236761431646210
78,"@carlmeissster Magpa-deliver ka nalang, Carl üòã Get food discounts when you see the SulEAT Savers green tag on your‚Ä¶ https://t.co/yOAjngyJ7e",grabph,2021-03-14 23:05:51,0,0,1371236160278822917
79,"@baizoor4 Hi sis üòä , thank you for using GrabFood üòéüëç

#staysafe üíö https://t.co/fslMR8wqEU",GrabMY,2021-03-14 21:12:07,0,1,1371207538629296136
80,"@donnajourneyx GrabFood is ready to serve üòé‚úå

#staysafe üíö https://t.co/VZbVQNJJVy",GrabMY,2021-03-14 21:05:52,0,0,1371205965748506624
81,"Bilib pa rin ako sa customer service ng GrabFood @grabph kasi very responsive, they offer concrete solutions, they‚Ä¶ https://t.co/jxGZyuhzsM",novstry,2021-03-14 17:18:02,0,2,1371148628006297601
82,@grabph will you still be able to deliver food via grabfood late at night during the imposed curfew here in metro manila? Or no na?,jeonsphoria,2021-03-14 16:50:15,0,0,1371141636227432449
83,üëÜüëÜ order now GrabFood and gojek food https://t.co/XgEVx5u9Tm,kelanamuda1,2021-03-14 16:36:56,0,0,1371138283992870913
84,ME pota it‚Äôs been so long since i ordered from grabfood ü•≤ https://t.co/bunNyz8HY0,yoonjisells,2021-03-14 16:28:43,0,0,1371136217790570499
85,lmfao 2 of my good friends pretended to be Grabfood drivers and came to my house wanting to deliver food for me. I‚Ä¶ https://t.co/COGsTzMgjq,cchiinngg_w,2021-03-14 16:15:45,0,0,1371132953208659970
86,"My driver got my grabfood order wrong so he‚Äôs gotta pay me back one way or another üòà // @kuaysuper 

Find more hot‚Ä¶ https://t.co/X9SioRgawd",sadgay_hourz,2021-03-14 15:59:54,303,870,1371128963976757248
87,@joochansz @Hi_Goldenness ü§£ü§£ü§£ü§£ grabfood ke??,pinitegyu,2021-03-14 15:00:21,0,0,1371113978328354820
88,thank God for grabfood where I can order a ramly burger at 10:45 pm üçî,LijinQuah,2021-03-14 14:47:54,0,3,1371110848194772998
89,I just want to say that FoodPanda &gt; GrabFood,HussySays,2021-03-14 14:46:33,0,1,1371110506354765830
90,"Just noticed that GrabFood includes the *special notes* in the receipt. 

Next time I‚Äôll put, ‚ÄúExtra love please.‚Äù‚Ä¶ https://t.co/FB5wwsmZQZ",nilleyvanilli,2021-03-14 13:35:57,0,2,1371092738289016832
91,"@suprasensorys Hello Grabfood, I need to make an international delivery",mawwiahhh,2021-03-14 13:23:29,0,1,1371089602367221766
92,sorry won‚Äôt cut it eh.. baik i grabfood je,gifthubdotco,2021-03-14 13:04:31,0,1,1371084831392555010
93,Fking hell this freaking grabfood delivery fella scared the shit outta me by just jumping right infront of my gate‚Ä¶ https://t.co/r1gYhoSm3X,T_Challazz,2021-03-14 12:52:00,0,0,1371081679675162625
94,"Happy Nyepi Day. May the day of silence bring peacefulness and happiness for those who celebrate.

#futurecoffeelab‚Ä¶ https://t.co/QKwD1lWp1r",futurecoffeelab,2021-03-14 12:17:29,0,0,1371072993741348875
95,"me: grabfood? here you go
grab rider: thank you
me: ride safe!
grab rider: you too
HUUUHHHHHHH",syvpikk,2021-03-14 12:13:10,0,7,1371071905193627656
96,"@DarkBlack4103 Hello! We do deliveries via GrabFood. Unfortunately deliveries are within Metro Manila only. 

You m‚Ä¶ https://t.co/IZtRbqHNOb",MBakery_PH,2021-03-14 11:50:00,0,0,1371066075031293952
97,@jayshooky Grabfood sksksksks,debbieandrw,2021-03-14 11:43:26,0,0,1371064422186188804
98,@itsuricooky Grabfood to the rescue. üòÜ,cookiefreakz,2021-03-14 11:14:59,0,1,1371057266032439297
99,@rolospace grabfood,doshiho__O,2021-03-14 10:50:41,0,0,1371051150716248068
100,4fingers why........ whyyyy grabfood dah unavailable to delivery to my kawasan rumah üò§,princeehwng,2021-03-14 10:47:38,0,0,1371050381233549316
101,We work together to continuously give what's best for all our customers! Amazing Discounts are EXTENDED this month!‚Ä¶ https://t.co/1WWeZyHsAB,HK_noodles,2021-03-14 10:41:19,0,0,1371048790245793794
102,@chopinocturner Grabfood,kshramadhan,2021-03-14 10:38:56,0,0,1371048193035673611
103,@andihiyat Nge grabfood :(,chocopeanutz_,2021-03-14 10:00:45,0,0,1371038582517817347
104,"‡∏ß‡∏±‡∏ô‡∏ô‡∏µ‡πâ ‡∏°‡∏µ Flash sale ‡∏ó‡∏≤‡∏á Grabfood ‡∏™‡∏≥‡∏´‡∏£‡∏±‡∏ö Croissant 10% ‡∏ô‡∏∞‡∏Ñ‡∏∞ 17.00-19.00 ‡∏ô ‡∏™‡∏≤‡∏°‡∏≤‡∏£‡∏ñ‡∏Å‡∏î‡∏™‡∏±‡πà‡∏á‡πÑ‡∏î‡πâ‡πÄ‡∏•‡∏¢‡∏Ñ‡πà‡∏∞

Today we will have‚Ä¶ https://t.co/CVgchM3tkQ",CroissantSusan,2021-03-14 09:57:49,0,0,1371037843452264448
105,@tanyainrl Grabfood,guepemilikakun,2021-03-14 09:48:34,0,0,1371035517869953025
106,@tanyainrl Grabfood,G0J0USAT0RU,2021-03-14 09:46:02,0,0,1371034881413636099
107,@atasnamatita me instantly anxious for buying grabfood,Dimasachz,2021-03-14 09:35:52,0,0,1371032322691100672
108,"Pertengahan bulan udah sakit kepala, bund? Yes bunda you know what to do üëåüèΩ
We're available on GoFood, GrabFood, an‚Ä¶ https://t.co/U69XffYF3Q",Wamami_id,2021-03-14 09:18:56,0,0,1371028060200374277
109,GrabFood once again defeated me.,loueszz,2021-03-14 08:48:07,0,0,1371020302482694144
110,@gyonchuu me looking for pie on grabfood and only finding... so little.........,moonbaelove,2021-03-14 08:19:42,0,0,1371013153002164224
111,@annacerezo_ The GrabFood boi must've forgotten his pants thinking that you want the chimken as soon as possible üòÇ,grabph,2021-03-14 07:40:28,0,0,1371003279144931332
112,@adamnakmaggi Grabfood mahal,farishijaz,2021-03-14 07:28:11,0,0,1371000189578711040
113,GRABFOOD &gt;&gt;&gt;&gt;&gt; FOODPANDA,_nurinafza,2021-03-14 07:14:05,0,0,1370996638001418240
114,"@straits_times Wait what, GrabFood with low delivery fees? I‚Äôve seen it hike to $6-7 very frequently, how‚Äôs that low?",spoilerk96,2021-03-14 07:08:54,0,1,1370995336857067521
115,"15 days of grabfood, on job 10:00am-4:00pm &amp; mon - friday got me Rm835(belum tolak service motor). Lets see day 20th, kalau larat la.",Njmdn55,2021-03-14 07:00:03,0,7,1370993108146479105
116,PTAR would like to invite all UiTM Staff and Students to join WOS Online Quiz. The online quiz will end on 31 March‚Ä¶ https://t.co/Ajn3qG1iyu,uitmkdhlibrary,2021-03-14 06:52:46,0,0,1370991274027741188
117,"üì∑ If you‚Äôre thinking about Burgers, you can‚Äôt go past Speedway, your best choice in burgers since 2014. Speedway is‚Ä¶ https://t.co/byGqxmdkfA",speedwaybali,2021-03-14 06:04:06,0,0,1370979027780038657
118,"Goodbye Grabfood, ShopeeFood is my new friend.",adidamayanto,2021-03-14 06:00:59,1,0,1370978243667365888
119,"PAN-fam weekend merienda bonding with Greenwich Meaty Spaghetti Pan, regular size P265 lang!üçù 
 
Pwedeliver through‚Ä¶ https://t.co/vWVlHBHUme",greenwichpizza,2021-03-14 06:00:10,2,2,1370978038997938179
120,"How does GrabFood know what you're planning to order?
https://t.co/ckHLlknRkk",reportrdotworld,2021-03-14 06:00:00,0,0,1370977998334160899
121,I just want to buy crepe cakes from one particular shop. Is that so hard grabfood?????? Why la the shop kejap ada a‚Ä¶ https://t.co/4gQMPVBEBo,maizurockz,2021-03-14 05:56:00,0,1,1370976989708836866
122,"Celebrate 9 years of happiness with #JCOonCloud9. Grab the special 2 dozen promo for only PHP550, available via Gra‚Ä¶ https://t.co/lspWK0rv9D",notty_romero,2021-03-14 05:25:54,0,1,1370969412807712771
123,Grabfood is the worst low delivery fee my fucking ass https://t.co/CNl8VEPDiM,faizanmzn,2021-03-14 05:14:31,0,0,1370966550669234177
124,the way warung nasi padang is only 0.2 km from my home but u manage to order it via grabfood is peak of my magernes‚Ä¶ https://t.co/1y1fyo0RuS,peripateticient,2021-03-14 05:10:21,0,0,1370965503213105157
125,"Looking for Perfect Match for your Movie Marathon? Avail Now on our Food Delivery Partners.
https://t.co/cEJDB4ls9Z‚Ä¶ https://t.co/yKrlWw8Diw",khunthaitea1,2021-03-14 05:05:00,0,0,1370964153217609730
126,"Whatever your side dish preference is, Lido has it! Order it with your main dishes today.

Try out our FAVORITES by‚Ä¶ https://t.co/BoCaViQpJZ",LidoCocinaTsina,2021-03-14 05:00:22,0,0,1370962989944164353
127,Floating your way. Get our dreamy Cloud Macchiato beverages via GrabFood today. https://t.co/GpOkcfnGiO,starbucksph,2021-03-14 05:00:07,1,25,1370962924769005568
128,Thank you @wionrever for the rm 10 off grabfood voucher you gave for my birthday!! I just ordered my fav meal! https://t.co/If0h5iiptL,LIMITS_life,2021-03-14 04:47:35,0,2,1370959771562430464
129,arvin enabling my grabfood impulses is not good for me,fizzberry_,2021-03-14 04:32:12,0,0,1370955899385225216
130,@chososlovebot alfie u're making me wanna open my grabfood app ü§©,ctrlsunarin,2021-03-14 04:19:20,0,1,1370952664255655936
131,"Stand a chance to win a USD100 GrabFood voucher and will end on 31 Mac 2021

Link to the quiz :‚Ä¶ https://t.co/Ckjcc6Jtti",pstuitm,2021-03-14 04:04:02,0,0,1370948813154701312
132,@peachputs grabfood,EgoPiyan_,2021-03-14 03:59:14,0,0,1370947605140701188
133,"üì∑ Speedway Bacon Bliss Pizza, tantalising, tasty and oh so moorish. Tag @speedwaybali and tag your friends below üëá‚Ä¶ https://t.co/eawyb2gKNk",speedwaybali,2021-03-14 03:58:52,0,1,1370947511150600194
134,"@micocookie Celebrate Payday and order your treats from https://t.co/MQEgukVdxI via GrabFood!  Starting tomorrow, t‚Ä¶ https://t.co/T8AQSUYajN",grabph,2021-03-14 03:53:28,0,0,1370946155098611714
135,"@ninquinzon Say yes to your cravings na, Nin! üç© Let the treats come to you with https://t.co/MQEgukVdxI's special 2‚Ä¶ https://t.co/PRAzoDMIYh",grabph,2021-03-14 03:46:05,0,2,1370944294719266817
136,"@walangcashper Still craving, CJ? üç© Let the treats come to you with https://t.co/MQEgukVdxI's special 2 dozen promo‚Ä¶ https://t.co/IQkxtJw64Y",grabph,2021-03-14 03:45:20,0,0,1370944107770736640
137,@DiscreetSingle Say yes to your cravings na! üç© Let the treats come to you with https://t.co/MQEgukVdxI's special 2‚Ä¶ https://t.co/NRhFSVa9Az,grabph,2021-03-14 03:39:35,0,1,1370942660261900290
138,Grabfood terooosss #bonk,bloodymarriott,2021-03-14 03:38:14,0,1,1370942320598654982
139,Was my first ever grab ride alone ü§£ü§£ I only have the app for grabfood lolz,jeonbl,2021-03-14 03:37:47,0,0,1370942205032992772
140,üì∑ Speedway for the best pies in Bali every day (except Nyepi) Tag @speedwaybali and tag your friends below üëá‚úåÔ∏è üìçSPE‚Ä¶ https://t.co/NvivXFYIRO,speedwaybali,2021-03-14 03:03:01,0,1,1370933455723323395
141,"Say #EverydayIsAReward when you #Reinvent your top food delivery picks and get a chance to win up to 10,000 worth o‚Ä¶ https://t.co/GKitzWnACF",enjoyGLOBE,2021-03-14 03:00:14,13,422,1370932755970850823
142,"Almond cream croissant - 40 B
No.1 Best selling item of all time 

Order via
üè†our shop front at ekkamai 24
‚òéÔ∏è line(‚Ä¶ https://t.co/M8yfjZGKh2",CroissantSusan,2021-03-14 02:55:14,0,0,1370931498321207299
143,üì∑ Bali‚Äôs Best burgers. Everyday. Remember to grab yourself one after Nyepi Tag @speedwaybali and tag your friends b‚Ä¶ https://t.co/2cdyRQG2F9,speedwaybali,2021-03-14 02:49:42,0,1,1370930104570896385
144,@KarleenPND Naka-fasting ako at midnight haha. Time to GrabFood some today! haha. Have a great sunday ahead üòòüíïüçü,heyalex007,2021-03-14 02:43:55,0,0,1370928651303186433
145,@auroramour_ Ok lng ba via grabfood..?,UrDaddyRon,2021-03-14 02:42:53,0,0,1370928389683486720
146,Make family mealtimes more affordable with Mang Inasal's Family Size Savers! Have it delivered to your homes starti‚Ä¶ https://t.co/qgB3DZqSY0,iammanginasal,2021-03-14 02:34:35,0,0,1370926300613931009
147,KENAPA I ORDER GUNA FOODPANDA WHEN GRABFOOD CAN GIVE ME RM12 OFF AAAAA I HATE IT HERE,yeolminnie,2021-03-14 02:24:46,0,7,1370923829447380995
148,Start the day with kopi c.. important of breakfast... #pray4mylove1 #GrabFood #rideforlife https://t.co/34g6OWIM5l,jazzymarky,2021-03-14 02:17:27,0,0,1370921991599923200
149,This face mask is dope.. I loike... lets catch some fish...#kayuh #GrabFood #rideforlife https://t.co/hjrxIbvG25,jazzymarky,2021-03-14 02:13:55,0,0,1370921100951969796
150,End this week with an awesome Double Stacked Tacos Super Combo! Exclusively available in GrabFood. https://t.co/wpoAWUMBfe,TacoBell_PHL,2021-03-14 02:09:27,0,0,1370919974357725189
151,"Raise your cup to welcome loads of FUN this weekend. 

Get the Oreo Overload Parfait today in your nearest Dairy Qu‚Ä¶ https://t.co/Qb1sXPOWir",DQ_Philippines,2021-03-14 01:00:57,0,0,1370902735831265281
152,@qwareeen Try search kuih on Grabfood/Foodpanda,EdShahiran,2021-03-14 00:50:57,0,1,1370900220087701510
153,"@charmiloug08 You may send us a DM if you have encountered issues with your GrabFood order. üëç 

https://t.co/xcJ7kBEY7t",grabph,2021-03-14 00:50:27,0,0,1370900094845816833
154,@Mixboy2105 Sorry Wong üôè We help drivers during this difficult time to generate extra income and that's why they do‚Ä¶ https://t.co/1azaqkBT3T,GrabMY,2021-03-14 00:12:52,0,0,1370890637248245763
155,"This is so wholesome. I might do this and will set a reminder

I was thinking of making it like a giveaway to my mu‚Ä¶ https://t.co/4qLamKp3iQ",IncorrectJaepil,2021-03-14 00:05:53,0,1,1370888881336328195
156,@tyrus24 Wah üëè That's so nice. Glad that you had a good staycation ahead üòâ Thank you for your support for #GrabFood‚Ä¶ https://t.co/A7qZzFXed2,GrabMY,2021-03-14 00:05:37,0,0,1370888812591771653
157,my sister came into my room and woke me up and i thought i was late for church or something - to only realise it wa‚Ä¶ https://t.co/EykYdlAndj,iamtabithalong,2021-03-13 23:55:23,0,0,1370886236030701568
158,"J. Co's 9th anniversary promo. You can order via GrabFood or FB Messenger (pick-up or delivery). 

Yes, I love donu‚Ä¶ https://t.co/aYocxXSeV6",thelightmom,2021-03-13 21:51:37,0,10,1370855088508473347
159,@eqeki14 Available at gofood dan grabfood a,sandymedan,2021-03-13 17:50:29,0,0,1370794408094797827
160,"@moonirawr Ordering food does not make you fat, sister! Let's break the stereotype that ordering and eating food ma‚Ä¶ https://t.co/qwBdWIvPUk",GrabMY,2021-03-13 17:40:28,0,0,1370791888085778437
161,Tot work grabfood at nite shiok knn end up first 2 customer both sleeping ccb dog,pl0lolop,2021-03-13 17:23:16,0,3,1370787557840023555
162,@katehuedoc oo pre grabfood to ano po order,allhailthysaint,2021-03-13 17:22:23,0,0,1370787335156113411
163,"Make your day extra creamy, extra sweet, and extra sarap! Order na ng Extra Creamy Halo-Halo for take-out or delive‚Ä¶ https://t.co/R9n74OSlux",iammanginasal,2021-03-13 16:00:00,0,2,1370766604103905281
164,"Currently I want seblak, nasgor, bihun goreng, kuah pempek

I'm starving but mager to buy. Grabfood is key",Kutilhunter,2021-03-13 15:44:12,0,0,1370762628792946688
165,"Dear riders, FoodPanda or GrabFood, or any riders, please wait until the light turns green only you go. You don‚Äôt h‚Ä¶ https://t.co/3dXYWj5sMg",ameelms,2021-03-13 13:55:49,0,1,1370735352646828039
166,Lowkey wanna order grabfood but the rain is ‚õà‚õà‚õà‚ö°Ô∏è‚õà‚õà‚õà,ohwhoisme,2021-03-13 13:47:13,0,0,1370733188734054400
167,GRABFOOD BABIK!!,Boink97,2021-03-13 13:36:28,0,0,1370730479947673602
168,When you order Grabfood &amp; it assigns a driver instead of a rider you know it's gonna arrive late :(,Mixboy2105,2021-03-13 13:32:10,0,0,1370729400799350785
169,Thankyou piso deal Grabfoodüòä,gamboa_froilan,2021-03-13 13:17:30,0,0,1370725708561981440
170,Grabfood what the üòÉüòÉüòÉ,soldoutmochapan,2021-03-13 12:29:33,0,0,1370713640622465026
171,@mlgcollegefess Grabfood,nevaaardeliaji,2021-03-13 11:59:22,0,0,1370706046549782529
172,i never tried ordering starbucks via grabfood until tonight and apparently it arrives super fast so now my drink is‚Ä¶ https://t.co/Xb0s6mGdjc,ViFeelings,2021-03-13 11:26:37,0,21,1370697802108444674
173,"Hi, you're invited to join us to celebrate TREASURE Jihoon's birthday with cupsleeve event.

‚ô° Tuesday, 16 March 20‚Ä¶ https://t.co/XeQ9rIbHsT",geumchiId,2021-03-13 10:36:04,3,3,1370685082386632704
174,Notif ng notif yung foodpanda at grabfood haysüòÖü§£,iskaypot_,2021-03-13 10:01:31,0,0,1370676389863591938
175,"plan to bring home subway for my sis , mee hoon goreng for my dad but bodoh nya foodpanda n grabfood semua tak stop‚Ä¶ https://t.co/em7TuvdE1Y",00klauds,2021-03-13 09:42:55,0,0,1370671706885349376
176,Im watching dogs are incredible then the grabfood is on the way and i was like ‚Äúibu anjing datang rumah‚Äù üòÇüò≠üòÇüò≠,naenayeon_,2021-03-13 09:32:25,0,0,1370669063634968578
177,"üòÇüòÇ when you can‚Äôt control the narrative outside Malaysia.

https://t.co/T0q4Qnv5xb",tevanraj,2021-03-13 09:14:11,0,1,1370664475519377411
178,Spent almost 100 on grabfood because its the time of the month üå¨,AidianaNz,2021-03-13 08:49:22,0,0,1370658229949136898
179,hello where can i get cupcakes besides grabfood and foodpanda,00princejeno,2021-03-13 07:51:34,0,0,1370643686971691008
180,"Me: I‚Äôm so broke!!!!
Also me: orders grabfood/foodpanda daily, orders shopee, books appointments at beauty clinics.‚Ä¶ https://t.co/TNqzAWFXl5",koleRHY,2021-03-13 07:48:30,0,0,1370642915140063237
181,"üì∑ Don‚Äôt miss the game. 4:30 today,I‚Äôve and loud at Speedway NRL panthers Vs Cowboys Tag @speedwaybali and tag your‚Ä¶ https://t.co/f7u8kLzetS",speedwaybali,2021-03-13 07:39:19,0,1,1370640603319517184
182,Forgot to get that coffee but nevermind grabfood kan ada!,aishahosnii,2021-03-13 07:37:48,0,0,1370640220228493312
183,omg someone keep accidentally delivering grabfood to my house??? how??? hahahaha it doesn't even say which neighbou‚Ä¶ https://t.co/TtIw6j8p4U,minkookyy,2021-03-13 07:27:52,0,4,1370637722180669440
184,Man i wanna order sop duren from grabfood so bad but doing it when i'm in my cousin's house just feels so awkward,minervantheia,2021-03-13 07:15:25,0,0,1370634587496325126
